ferramenta,benchmark,tamanho,rodada,tempo_ms
PolyHok,nearest_neighbor,20000000,0,876.000000
Numba,nearest_neighbor,80000000,0,1481.600000
Numba,nearest_neighbor,60000000,0,948.450000
Numba,nearest_neighbor,100000000,0,1368.780000
PolyHok,nearest_neighbor,60000000,0,1037.000000
CUDA,nearest_neighbor,60000000,0,566.560000
CUDA,nearest_neighbor,40000000,0,378.250000
PolyHok,nearest_neighbor,100000000,0,1469.000000
PolyHok,nearest_neighbor,80000000,0,1266.000000
CUDA,nearest_neighbor,80000000,0,754.660000
Numba,nearest_neighbor,20000000,0,508.060000
CUDA,nearest_neighbor,100000000,0,966.130000
CUDA,nearest_neighbor,20000000,0,191.090000
PolyHok,nearest_neighbor,40000000,0,826.000000
Numba,nearest_neighbor,40000000,0,738.320000
PolyHok,saxpy,50000000,0,544.000000
Numba,saxpy,125000000,0,606.160000
Numba,saxpy,100000000,0,514.010000
Numba,saxpy,150000000,0,650.020000
PolyHok,saxpy,100000000,0,613.000000
CUDA,saxpy,100000000,0,258.900000
CUDA,saxpy,75000000,0,189.620000
PolyHok,saxpy,150000000,0,721.000000
PolyHok,saxpy,125000000,0,712.000000
CUDA,saxpy,125000000,0,326.740000
Numba,saxpy,50000000,0,359.350000
CUDA,saxpy,150000000,0,377.480000
CUDA,saxpy,50000000,0,126.720000
PolyHok,saxpy,75000000,0,510.000000
Numba,saxpy,75000000,0,431.910000
CUDA,nbodies,15000,0,115.420000
PolyHok,mm,4000,0,1303.000000
PolyHok,julia,1000,0,1423.000000
Numba,julia,1500,0,2042.310000
PolyHok,nbodies,35000,0,1259.000000
CUDA,mm,3000,0,280.910000
CUDA,nbodies,20000,0,359.480000
PolyHok,julia,2000,0,760.000000
CUDA,julia,2500,0,175.610000
Numba,nbodies,20000,0,544.250000
PolyHok,nbodies,30000,0,888.000000
PolyHok,julia,2500,0,257.000000
CUDA,julia,500,0,7.240000
PolyHok,nbodies,20000,0,545.000000
CUDA,mm,3500,0,489.950000
Numba,julia,2500,0,563.000000
PolyHok,julia,1500,0,131.000000
Numba,julia,1000,0,300.780000
CUDA,mm,2000,0,86.790000
Numba,julia,500,0,270.960000
CUDA,julia,2000,0,112.490000
PolyHok,nbodies,25000,0,811.000000
PolyHok,mm,3000,0,568.000000
CUDA,mm,4000,0,695.870000
PolyHok,mm,3500,0,782.000000
PolyHok,mm,2000,0,385.000000
CUDA,nbodies,25000,0,403.690000
Numba,nbodies,25000,0,564.510000
CUDA,julia,1000,0,30.100000
Numba,nbodies,35000,0,754.080000
PolyHok,mm,2500,0,468.000000
PolyHok,nbodies,15000,0,430.000000
Numba,nbodies,15000,0,563.020000
CUDA,nbodies,30000,0,478.210000
PolyHok,julia,500,0,73.000000
CUDA,nbodies,35000,0,700.870000
CUDA,julia,1500,0,63.420000
Numba,nbodies,30000,0,615.330000
CUDA,mm,2500,0,180.780000
Numba,julia,2000,0,453.620000
PolyHok,nearest_neighbor,80000000,1,1255.000000
Numba,saxpy,75000000,1,430.580000
Numba,saxpy,100000000,1,500.880000
CUDA,julia,1500,1,63.360000
Numba,nearest_neighbor,60000000,1,1635.840000
Numba,julia,2500,1,562.480000
PolyHok,mm,4000,1,1329.000000
PolyHok,julia,2500,1,253.000000
PolyHok,saxpy,100000000,1,1297.000000
CUDA,saxpy,125000000,1,342.230000
Numba,nearest_neighbor,40000000,1,718.130000
Numba,nbodies,25000,1,565.870000
CUDA,nearest_neighbor,40000000,1,379.050000
Numba,julia,1500,1,365.250000
PolyHok,saxpy,50000000,1,416.000000
CUDA,saxpy,50000000,1,127.200000
PolyHok,nearest_neighbor,100000000,1,1510.000000
Numba,nbodies,20000,1,519.850000
PolyHok,nearest_neighbor,60000000,1,1070.000000
CUDA,saxpy,75000000,1,194.290000
CUDA,mm,3000,1,284.120000
CUDA,saxpy,100000000,1,261.600000
CUDA,mm,4000,1,695.770000
CUDA,nbodies,35000,1,701.330000
CUDA,nearest_neighbor,20000000,1,186.470000
CUDA,nbodies,30000,1,478.180000
Numba,nearest_neighbor,20000000,1,501.680000
Numba,nbodies,30000,1,617.610000
PolyHok,julia,1500,1,135.000000
PolyHok,saxpy,125000000,1,748.000000
PolyHok,mm,2000,1,397.000000
PolyHok,nbodies,25000,1,806.000000
CUDA,nearest_neighbor,60000000,1,570.160000
PolyHok,julia,500,1,73.000000
Numba,julia,2000,1,533.150000
PolyHok,mm,3000,1,569.000000
Numba,nbodies,15000,1,390.500000
PolyHok,saxpy,75000000,1,510.000000
CUDA,julia,1000,1,28.810000
PolyHok,nearest_neighbor,40000000,1,810.000000
CUDA,nbodies,20000,1,306.600000
PolyHok,nbodies,15000,1,442.000000
CUDA,nearest_neighbor,80000000,1,744.340000
CUDA,mm,3500,1,490.880000
Numba,nbodies,35000,1,770.470000
CUDA,nbodies,15000,1,115.140000
CUDA,nearest_neighbor,100000000,1,948.520000
CUDA,julia,2000,1,112.630000
CUDA,nbodies,25000,1,395.260000
PolyHok,nearest_neighbor,20000000,1,663.000000
PolyHok,mm,3500,1,785.000000
Numba,saxpy,125000000,1,624.110000
CUDA,julia,500,1,7.470000
Numba,nearest_neighbor,80000000,1,2710.520000
CUDA,mm,2000,1,89.120000
Numba,julia,500,1,293.990000
PolyHok,mm,2500,1,608.000000
PolyHok,julia,2000,1,199.000000
Numba,julia,1000,1,300.500000
Numba,saxpy,150000000,1,773.000000
PolyHok,julia,1000,1,95.000000
CUDA,mm,2500,1,181.510000
PolyHok,nbodies,20000,1,567.000000
CUDA,julia,2500,1,177.050000
Numba,saxpy,50000000,1,359.490000
PolyHok,nbodies,30000,1,910.000000
Numba,nearest_neighbor,100000000,1,1351.110000
PolyHok,nbodies,35000,1,1005.000000
PolyHok,saxpy,150000000,1,829.000000
CUDA,saxpy,150000000,1,423.210000
PolyHok,julia,500,2,76.000000
CUDA,julia,1000,2,28.620000
PolyHok,mm,2000,2,368.000000
PolyHok,mm,3500,2,821.000000
PolyHok,saxpy,50000000,2,431.000000
Numba,nbodies,15000,2,475.440000
CUDA,saxpy,100000000,2,381.870000
PolyHok,julia,2500,2,257.000000
Numba,nbodies,30000,2,644.910000
CUDA,nearest_neighbor,20000000,2,186.870000
CUDA,saxpy,150000000,2,395.500000
CUDA,nearest_neighbor,60000000,2,560.440000
Numba,nearest_neighbor,20000000,2,497.680000
CUDA,mm,2000,2,88.110000
PolyHok,julia,1000,2,97.000000
CUDA,saxpy,50000000,2,127.260000
CUDA,nbodies,15000,2,115.140000
PolyHok,saxpy,75000000,2,495.000000
Numba,saxpy,150000000,2,654.290000
PolyHok,nbodies,30000,2,915.000000
CUDA,nearest_neighbor,100000000,2,928.330000
PolyHok,mm,2500,2,521.000000
CUDA,julia,2000,2,122.840000
CUDA,julia,2500,2,177.620000
Numba,nearest_neighbor,60000000,2,930.460000
CUDA,julia,500,2,7.190000
CUDA,mm,2500,2,181.250000
Numba,saxpy,50000000,2,356.870000
Numba,nearest_neighbor,80000000,2,1150.140000
PolyHok,saxpy,125000000,2,651.000000
Numba,nbodies,25000,2,563.160000
CUDA,nearest_neighbor,40000000,2,371.420000
PolyHok,nbodies,35000,2,1014.000000
PolyHok,nearest_neighbor,20000000,2,580.000000
Numba,saxpy,125000000,2,579.350000
CUDA,mm,3000,2,281.240000
PolyHok,saxpy,100000000,2,560.000000
CUDA,saxpy,75000000,2,188.520000
PolyHok,nearest_neighbor,100000000,2,1489.000000
PolyHok,nearest_neighbor,60000000,2,984.000000
CUDA,nbodies,25000,2,394.940000
CUDA,nbodies,35000,2,687.120000
Numba,julia,1000,2,299.770000
CUDA,saxpy,125000000,2,321.360000
Numba,julia,2500,2,564.020000
Numba,saxpy,75000000,2,432.890000
PolyHok,mm,4000,2,1289.000000
CUDA,nbodies,30000,2,478.280000
PolyHok,julia,2000,2,190.000000
PolyHok,julia,1500,2,131.000000
Numba,nbodies,20000,2,508.270000
Numba,nbodies,35000,2,749.730000
PolyHok,nbodies,15000,2,450.000000
PolyHok,mm,3000,2,570.000000
PolyHok,nearest_neighbor,80000000,2,1272.000000
PolyHok,saxpy,150000000,2,851.000000
CUDA,nearest_neighbor,80000000,2,743.220000
CUDA,mm,4000,2,695.200000
PolyHok,nbodies,20000,2,542.000000
Numba,julia,2000,2,458.750000
Numba,julia,1500,2,362.630000
CUDA,nbodies,20000,2,306.500000
Numba,nearest_neighbor,40000000,2,710.490000
Numba,nearest_neighbor,100000000,2,1347.600000
PolyHok,nearest_neighbor,40000000,2,817.000000
Numba,julia,500,2,266.680000
Numba,saxpy,100000000,2,513.900000
PolyHok,nbodies,25000,2,805.000000
CUDA,julia,1500,2,63.370000
CUDA,mm,3500,2,490.010000
Numba,julia,2500,3,569.830000
PolyHok,nearest_neighbor,60000000,3,1021.000000
CUDA,nbodies,15000,3,115.200000
PolyHok,julia,2500,3,246.000000
PolyHok,julia,1000,3,95.000000
PolyHok,mm,2500,3,465.000000
Numba,nbodies,25000,3,561.770000
Numba,nbodies,35000,3,767.330000
Numba,saxpy,150000000,3,685.730000
CUDA,julia,1000,3,28.540000
PolyHok,saxpy,125000000,3,672.000000
PolyHok,nbodies,20000,3,540.000000
Numba,nearest_neighbor,40000000,3,713.010000
Numba,nbodies,20000,3,498.660000
CUDA,julia,500,3,7.220000
CUDA,mm,4000,3,697.500000
Numba,julia,2000,3,448.730000
CUDA,julia,2000,3,112.840000
CUDA,nbodies,30000,3,478.320000
Numba,nbodies,15000,3,385.010000
PolyHok,nbodies,30000,3,900.000000
PolyHok,nbodies,25000,3,807.000000
CUDA,saxpy,100000000,3,250.450000
CUDA,nearest_neighbor,100000000,3,931.550000
PolyHok,nearest_neighbor,40000000,3,800.000000
CUDA,mm,3500,3,489.730000
Numba,nearest_neighbor,60000000,3,908.700000
PolyHok,saxpy,150000000,3,713.000000
PolyHok,nearest_neighbor,80000000,3,1266.000000
CUDA,mm,2500,3,182.570000
CUDA,saxpy,125000000,3,312.060000
PolyHok,julia,1500,3,129.000000
Numba,saxpy,100000000,3,501.740000
CUDA,saxpy,75000000,3,194.850000
PolyHok,mm,3500,3,793.000000
CUDA,nearest_neighbor,80000000,3,757.730000
CUDA,nbodies,20000,3,298.880000
CUDA,saxpy,50000000,3,140.300000
PolyHok,nearest_neighbor,20000000,3,544.000000
Numba,saxpy,50000000,3,363.760000
PolyHok,saxpy,50000000,3,415.000000
Numba,julia,1000,3,304.930000
CUDA,nearest_neighbor,20000000,3,189.750000
CUDA,nbodies,25000,3,395.370000
CUDA,nearest_neighbor,40000000,3,376.550000
CUDA,mm,2000,3,87.710000
PolyHok,julia,2000,3,188.000000
PolyHok,saxpy,100000000,3,578.000000
Numba,saxpy,75000000,3,425.020000
PolyHok,mm,4000,3,1046.000000
CUDA,saxpy,150000000,3,450.600000
Numba,julia,1500,3,871.070000
Numba,nearest_neighbor,20000000,3,544.160000
PolyHok,mm,2000,3,2213.000000
PolyHok,mm,3000,3,621.000000
Numba,nearest_neighbor,100000000,3,3978.780000
CUDA,mm,3000,3,282.800000
PolyHok,julia,500,3,182.000000
PolyHok,nearest_neighbor,100000000,3,1470.000000
CUDA,julia,1500,3,63.380000
Numba,nearest_neighbor,80000000,3,1154.380000
CUDA,julia,2500,3,186.670000
PolyHok,nbodies,15000,3,449.000000
Numba,nbodies,30000,3,618.060000
PolyHok,saxpy,75000000,3,497.000000
PolyHok,nbodies,35000,3,996.000000
CUDA,nbodies,35000,3,688.330000
Numba,saxpy,125000000,3,575.220000
CUDA,nearest_neighbor,60000000,3,557.070000
Numba,julia,500,3,261.450000
CUDA,mm,2500,4,180.980000
Numba,saxpy,125000000,4,585.610000
PolyHok,saxpy,125000000,4,646.000000
CUDA,mm,4000,4,697.760000
CUDA,nbodies,25000,4,395.750000
PolyHok,mm,3000,4,595.000000
PolyHok,nbodies,30000,4,895.000000
PolyHok,julia,2000,4,192.000000
Numba,nearest_neighbor,40000000,4,714.240000
Numba,julia,1000,4,307.530000
Numba,nbodies,15000,4,385.330000
PolyHok,nearest_neighbor,40000000,4,792.000000
Numba,saxpy,100000000,4,502.660000
Numba,nbodies,20000,4,508.700000
Numba,julia,2500,4,559.390000
PolyHok,saxpy,75000000,4,499.000000
CUDA,nearest_neighbor,40000000,4,371.900000
CUDA,saxpy,125000000,4,334.110000
PolyHok,nbodies,25000,4,803.000000
CUDA,julia,1000,4,28.330000
CUDA,saxpy,100000000,4,251.350000
PolyHok,saxpy,50000000,4,420.000000
Numba,nearest_neighbor,20000000,4,489.390000
PolyHok,nearest_neighbor,60000000,4,1048.000000
Numba,julia,500,4,262.350000
Numba,saxpy,50000000,4,352.000000
CUDA,mm,2000,4,86.630000
Numba,nearest_neighbor,100000000,4,1333.460000
CUDA,julia,500,4,7.260000
Numba,nearest_neighbor,80000000,4,1117.750000
PolyHok,nbodies,20000,4,504.000000
Numba,nearest_neighbor,60000000,4,908.360000
Numba,julia,1500,4,359.540000
PolyHok,julia,1500,4,134.000000
CUDA,julia,1500,4,63.370000
CUDA,saxpy,50000000,4,131.220000
CUDA,nbodies,35000,4,687.670000
Numba,nbodies,25000,4,567.310000
Numba,saxpy,150000000,4,658.400000
PolyHok,mm,2000,4,365.000000
Numba,saxpy,75000000,4,430.160000
PolyHok,nbodies,35000,4,999.000000
CUDA,nearest_neighbor,80000000,4,760.790000
PolyHok,saxpy,100000000,4,564.000000
PolyHok,julia,500,4,74.000000
CUDA,nbodies,15000,4,115.070000
CUDA,nearest_neighbor,60000000,4,557.470000
PolyHok,saxpy,150000000,4,799.000000
PolyHok,julia,2500,4,245.000000
CUDA,nbodies,30000,4,478.200000
PolyHok,mm,3500,4,782.000000
Numba,julia,2000,4,458.890000
CUDA,saxpy,150000000,4,426.050000
CUDA,mm,3500,4,507.510000
CUDA,mm,3000,4,285.810000
PolyHok,mm,2500,4,464.000000
Numba,nbodies,35000,4,757.510000
CUDA,nearest_neighbor,100000000,4,942.260000
PolyHok,nearest_neighbor,80000000,4,1271.000000
CUDA,nbodies,20000,4,298.640000
PolyHok,mm,4000,4,1603.000000
CUDA,julia,2000,4,114.320000
CUDA,saxpy,75000000,4,215.890000
Numba,nbodies,30000,4,871.700000
CUDA,julia,2500,4,179.240000
PolyHok,nearest_neighbor,20000000,4,1102.000000
PolyHok,nearest_neighbor,100000000,4,1502.000000
PolyHok,julia,1000,4,121.000000
CUDA,nearest_neighbor,20000000,4,186.610000
PolyHok,nbodies,15000,4,451.000000
Numba,nbodies,25000,5,572.870000
CUDA,nbodies,25000,5,396.440000
CUDA,nbodies,35000,5,701.020000
PolyHok,nearest_neighbor,80000000,5,1254.000000
CUDA,mm,3000,5,281.360000
CUDA,nearest_neighbor,20000000,5,187.420000
PolyHok,saxpy,75000000,5,545.000000
PolyHok,julia,2000,5,181.000000
CUDA,julia,2000,5,112.570000
CUDA,saxpy,50000000,5,125.930000
Numba,nbodies,30000,5,617.440000
Numba,julia,2500,5,565.650000
CUDA,nearest_neighbor,100000000,5,932.820000
CUDA,mm,3500,5,490.020000
Numba,nearest_neighbor,60000000,5,932.410000
CUDA,julia,500,5,9.350000
Numba,saxpy,50000000,5,350.710000
CUDA,nearest_neighbor,60000000,5,556.390000
PolyHok,julia,1500,5,220.000000
Numba,nbodies,15000,5,379.360000
Numba,saxpy,100000000,5,497.150000
CUDA,saxpy,125000000,5,313.420000
CUDA,mm,4000,5,695.180000
PolyHok,nbodies,25000,5,801.000000
PolyHok,julia,500,5,73.000000
PolyHok,nbodies,35000,5,999.000000
PolyHok,nearest_neighbor,20000000,5,573.000000
PolyHok,saxpy,150000000,5,712.000000
PolyHok,nearest_neighbor,100000000,5,1471.000000
Numba,julia,1500,5,360.950000
PolyHok,julia,1000,5,95.000000
Numba,saxpy,125000000,5,581.220000
PolyHok,saxpy,50000000,5,417.000000
PolyHok,nbodies,30000,5,897.000000
CUDA,nearest_neighbor,40000000,5,372.570000
PolyHok,mm,3000,5,1329.000000
PolyHok,nearest_neighbor,60000000,5,1042.000000
Numba,saxpy,75000000,5,431.680000
PolyHok,nearest_neighbor,40000000,5,803.000000
CUDA,mm,2500,5,181.020000
CUDA,saxpy,100000000,5,251.540000
CUDA,nbodies,30000,5,478.130000
CUDA,mm,2000,5,86.780000
Numba,julia,500,5,285.670000
PolyHok,mm,2500,5,428.000000
CUDA,julia,2500,5,175.810000
PolyHok,nbodies,15000,5,406.000000
Numba,nearest_neighbor,40000000,5,713.300000
CUDA,saxpy,75000000,5,192.890000
Numba,saxpy,150000000,5,697.650000
Numba,nbodies,35000,5,756.290000
CUDA,julia,1000,5,28.300000
PolyHok,mm,3500,5,827.000000
Numba,nearest_neighbor,80000000,5,1132.490000
Numba,nbodies,20000,5,498.770000
PolyHok,saxpy,100000000,5,581.000000
CUDA,saxpy,150000000,5,431.740000
PolyHok,saxpy,125000000,5,651.000000
CUDA,nbodies,20000,5,306.470000
PolyHok,nbodies,20000,5,502.000000
PolyHok,mm,4000,5,1042.000000
PolyHok,julia,2500,5,254.000000
Numba,julia,2000,5,460.330000
PolyHok,mm,2000,5,347.000000
CUDA,nearest_neighbor,80000000,5,1229.720000
Numba,julia,1000,5,2288.740000
CUDA,nbodies,15000,5,268.390000
CUDA,julia,1500,5,63.900000
Numba,nearest_neighbor,100000000,5,2056.910000
Numba,nearest_neighbor,20000000,5,498.270000
PolyHok,saxpy,50000000,6,503.000000
Numba,nbodies,25000,6,563.080000
PolyHok,julia,2500,6,255.000000
CUDA,nbodies,20000,6,298.740000
CUDA,nbodies,25000,6,395.320000
Numba,nbodies,15000,6,383.470000
PolyHok,mm,3500,6,822.000000
Numba,saxpy,125000000,6,601.400000
CUDA,saxpy,75000000,6,201.670000
PolyHok,nearest_neighbor,20000000,6,1354.000000
CUDA,mm,3500,6,492.770000
CUDA,nearest_neighbor,60000000,6,578.630000
PolyHok,saxpy,125000000,6,645.000000
PolyHok,julia,2000,6,185.000000
Numba,nearest_neighbor,20000000,6,500.880000
PolyHok,julia,500,6,72.000000
Numba,nbodies,20000,6,503.820000
PolyHok,saxpy,75000000,6,496.000000
CUDA,nearest_neighbor,20000000,6,186.870000
CUDA,julia,500,6,7.250000
CUDA,saxpy,125000000,6,313.670000
Numba,nearest_neighbor,60000000,6,923.490000
CUDA,nbodies,15000,6,115.130000
PolyHok,nbodies,25000,6,804.000000
CUDA,julia,2500,6,175.660000
CUDA,mm,4000,6,696.260000
CUDA,nbodies,30000,6,478.390000
Numba,nearest_neighbor,100000000,6,1333.100000
Numba,saxpy,75000000,6,424.070000
PolyHok,mm,2500,6,478.000000
CUDA,mm,2500,6,181.210000
Numba,julia,1000,6,308.730000
Numba,nearest_neighbor,80000000,6,1184.190000
PolyHok,julia,1500,6,152.000000
CUDA,mm,3000,6,282.800000
PolyHok,julia,1000,6,95.000000
PolyHok,nearest_neighbor,40000000,6,798.000000
Numba,nbodies,30000,6,619.900000
PolyHok,nearest_neighbor,60000000,6,1041.000000
CUDA,saxpy,150000000,6,382.720000
CUDA,julia,1000,6,28.510000
CUDA,nearest_neighbor,80000000,6,759.220000
CUDA,nearest_neighbor,100000000,6,930.560000
CUDA,saxpy,100000000,6,251.790000
PolyHok,nbodies,30000,6,902.000000
PolyHok,mm,2000,6,368.000000
Numba,saxpy,100000000,6,503.470000
Numba,julia,2000,6,447.390000
Numba,nearest_neighbor,40000000,6,707.830000
PolyHok,saxpy,150000000,6,852.000000
CUDA,julia,2000,6,112.800000
CUDA,mm,2000,6,86.690000
Numba,nbodies,35000,6,751.960000
PolyHok,mm,4000,6,1018.000000
PolyHok,saxpy,100000000,6,560.000000
CUDA,julia,1500,6,64.580000
PolyHok,nbodies,20000,6,540.000000
PolyHok,nbodies,35000,6,997.000000
Numba,saxpy,150000000,6,669.190000
PolyHok,nearest_neighbor,80000000,6,1261.000000
Numba,julia,500,6,260.340000
Numba,julia,1500,6,363.510000
PolyHok,nbodies,15000,6,451.000000
CUDA,nbodies,35000,6,687.470000
CUDA,saxpy,50000000,6,140.580000
PolyHok,mm,3000,6,612.000000
Numba,julia,2500,6,570.520000
Numba,saxpy,50000000,6,351.470000
PolyHok,nearest_neighbor,100000000,6,1490.000000
CUDA,nearest_neighbor,40000000,6,376.670000
CUDA,nbodies,15000,7,115.550000
Numba,saxpy,150000000,7,672.220000
Numba,julia,1500,7,365.700000
PolyHok,nearest_neighbor,20000000,7,604.000000
PolyHok,nbodies,15000,7,439.000000
Numba,julia,1000,7,298.110000
PolyHok,julia,500,7,80.000000
Numba,nearest_neighbor,40000000,7,725.820000
PolyHok,nearest_neighbor,100000000,7,1445.000000
PolyHok,julia,1000,7,95.000000
Numba,julia,2000,7,449.570000
PolyHok,mm,3500,7,812.000000
CUDA,nbodies,20000,7,306.540000
PolyHok,mm,4000,7,2095.000000
PolyHok,saxpy,75000000,7,498.000000
Numba,nbodies,15000,7,388.050000
Numba,julia,500,7,263.290000
CUDA,nearest_neighbor,60000000,7,677.120000
CUDA,nearest_neighbor,20000000,7,228.960000
PolyHok,nearest_neighbor,60000000,7,1043.000000
PolyHok,nbodies,35000,7,1000.000000
CUDA,mm,4000,7,698.470000
CUDA,mm,3000,7,281.390000
CUDA,julia,1000,7,28.340000
PolyHok,mm,2500,7,472.000000
CUDA,nearest_neighbor,80000000,7,753.510000
PolyHok,saxpy,150000000,7,700.000000
CUDA,nbodies,30000,7,898.130000
PolyHok,nearest_neighbor,40000000,7,848.000000
PolyHok,nbodies,30000,7,896.000000
Numba,nbodies,30000,7,614.250000
Numba,nearest_neighbor,20000000,7,494.830000
CUDA,nbodies,25000,7,395.400000
CUDA,mm,3500,7,489.920000
CUDA,saxpy,125000000,7,313.340000
PolyHok,mm,2000,7,365.000000
CUDA,nearest_neighbor,40000000,7,374.780000
PolyHok,julia,2500,7,251.000000
PolyHok,julia,1500,7,2072.000000
CUDA,julia,2000,7,114.470000
PolyHok,nbodies,25000,7,801.000000
PolyHok,saxpy,125000000,7,819.000000
CUDA,julia,500,7,7.260000
PolyHok,julia,2000,7,183.000000
CUDA,mm,2500,7,180.440000
CUDA,nearest_neighbor,100000000,7,928.630000
Numba,saxpy,50000000,7,352.460000
Numba,saxpy,100000000,7,506.000000
PolyHok,nearest_neighbor,80000000,7,1248.000000
Numba,nbodies,20000,7,497.580000
Numba,julia,2500,7,560.390000
CUDA,saxpy,100000000,7,251.670000
Numba,nbodies,35000,7,785.600000
CUDA,nbodies,35000,7,701.890000
PolyHok,nbodies,20000,7,551.000000
Numba,nearest_neighbor,100000000,7,1332.740000
Numba,nbodies,25000,7,560.690000
Numba,nearest_neighbor,60000000,7,910.210000
Numba,saxpy,75000000,7,423.540000
CUDA,mm,2000,7,86.580000
PolyHok,saxpy,100000000,7,577.000000
PolyHok,saxpy,50000000,7,423.000000
CUDA,julia,1500,7,63.300000
CUDA,saxpy,75000000,7,188.600000
CUDA,julia,2500,7,214.540000
CUDA,saxpy,50000000,7,126.090000
Numba,nearest_neighbor,80000000,7,1118.100000
Numba,saxpy,125000000,7,575.810000
CUDA,saxpy,150000000,7,375.120000
PolyHok,mm,3000,7,576.000000
PolyHok,nearest_neighbor,20000000,8,575.000000
CUDA,saxpy,50000000,8,126.820000
PolyHok,nbodies,15000,8,445.000000
Numba,saxpy,100000000,8,502.060000
Numba,nbodies,35000,8,753.060000
CUDA,nbodies,35000,8,688.090000
CUDA,saxpy,150000000,8,379.760000
CUDA,julia,2000,8,112.510000
Numba,nearest_neighbor,60000000,8,908.740000
PolyHok,mm,2500,8,518.000000
PolyHok,saxpy,150000000,8,727.000000
CUDA,nbodies,20000,8,298.760000
PolyHok,saxpy,75000000,8,558.000000
PolyHok,julia,1500,8,132.000000
Numba,nearest_neighbor,80000000,8,1124.470000
Numba,julia,1500,8,375.970000
CUDA,mm,4000,8,696.440000
PolyHok,mm,3500,8,787.000000
PolyHok,julia,2500,8,257.000000
CUDA,mm,3500,8,495.820000
PolyHok,nbodies,20000,8,511.000000
CUDA,nearest_neighbor,60000000,8,567.450000
PolyHok,nearest_neighbor,100000000,8,1473.000000
CUDA,nearest_neighbor,100000000,8,930.870000
Numba,nearest_neighbor,20000000,8,489.540000
PolyHok,nbodies,35000,8,1157.000000
PolyHok,mm,4000,8,2114.000000
CUDA,saxpy,100000000,8,352.640000
Numba,saxpy,50000000,8,2877.630000
CUDA,nbodies,25000,8,396.990000
Numba,julia,2000,8,711.130000
PolyHok,mm,3000,8,846.000000
PolyHok,julia,500,8,80.000000
Numba,nearest_neighbor,40000000,8,909.950000
Numba,saxpy,125000000,8,581.740000
Numba,nbodies,20000,8,877.900000
CUDA,nbodies,30000,8,478.280000
CUDA,mm,2000,8,498.800000
CUDA,saxpy,125000000,8,316.330000
CUDA,julia,1500,8,63.450000
CUDA,julia,2500,8,176.140000
Numba,nbodies,30000,8,615.950000
PolyHok,julia,1000,8,98.000000
Numba,julia,500,8,263.420000
Numba,nearest_neighbor,100000000,8,1339.550000
Numba,julia,2500,8,562.770000
CUDA,nearest_neighbor,20000000,8,1006.780000
CUDA,nearest_neighbor,80000000,8,743.650000
PolyHok,saxpy,125000000,8,644.000000
CUDA,mm,2500,8,180.350000
Numba,saxpy,150000000,8,657.390000
PolyHok,nearest_neighbor,60000000,8,1042.000000
PolyHok,julia,2000,8,181.000000
CUDA,nearest_neighbor,40000000,8,371.770000
Numba,nbodies,15000,8,379.520000
CUDA,nbodies,15000,8,115.090000
PolyHok,nearest_neighbor,40000000,8,802.000000
PolyHok,mm,2000,8,369.000000
Numba,saxpy,75000000,8,428.500000
PolyHok,nearest_neighbor,80000000,8,1239.000000
Numba,julia,1000,8,298.090000
PolyHok,nbodies,25000,8,804.000000
PolyHok,saxpy,50000000,8,690.000000
Numba,nbodies,25000,8,563.030000
PolyHok,saxpy,100000000,8,574.000000
PolyHok,nbodies,30000,8,897.000000
CUDA,julia,1000,8,28.780000
CUDA,saxpy,75000000,8,205.910000
CUDA,julia,500,8,7.210000
CUDA,mm,3000,8,281.210000
PolyHok,nbodies,25000,9,823.000000
CUDA,julia,1000,9,28.400000
CUDA,nearest_neighbor,20000000,9,186.590000
PolyHok,saxpy,50000000,9,418.000000
Numba,julia,2500,9,560.980000
PolyHok,julia,1000,9,93.000000
Numba,nbodies,30000,9,619.660000
PolyHok,nearest_neighbor,20000000,9,572.000000
PolyHok,nbodies,30000,9,900.000000
Numba,saxpy,75000000,9,432.320000
PolyHok,nbodies,20000,9,535.000000
PolyHok,julia,500,9,74.000000
Numba,nearest_neighbor,100000000,9,1353.650000
Numba,saxpy,50000000,9,350.360000
CUDA,saxpy,75000000,9,188.300000
Numba,saxpy,125000000,9,576.050000
Numba,nearest_neighbor,60000000,9,915.270000
PolyHok,mm,2000,9,370.000000
CUDA,saxpy,125000000,9,320.670000
CUDA,saxpy,150000000,9,382.190000
PolyHok,nearest_neighbor,60000000,9,1024.000000
Numba,julia,2000,9,453.590000
CUDA,saxpy,100000000,9,251.900000
CUDA,mm,3500,9,499.390000
PolyHok,nbodies,35000,9,999.000000
CUDA,mm,2500,9,182.330000
Numba,saxpy,150000000,9,652.580000
PolyHok,saxpy,150000000,9,723.000000
CUDA,nbodies,35000,9,687.890000
Numba,nbodies,20000,9,500.490000
Numba,julia,1500,9,361.570000
CUDA,nearest_neighbor,100000000,9,928.920000
PolyHok,nearest_neighbor,40000000,9,801.000000
PolyHok,julia,2000,9,196.000000
PolyHok,mm,3500,9,788.000000
PolyHok,nearest_neighbor,100000000,9,1511.000000
CUDA,julia,2000,9,118.480000
CUDA,mm,4000,9,711.500000
Numba,nearest_neighbor,40000000,9,870.370000
PolyHok,mm,3000,9,662.000000
CUDA,nbodies,25000,9,395.410000
PolyHok,mm,2500,9,507.000000
Numba,saxpy,100000000,9,680.010000
CUDA,mm,3000,9,283.930000
CUDA,nearest_neighbor,80000000,9,825.210000
PolyHok,mm,4000,9,1034.000000
Numba,julia,1000,9,320.680000
CUDA,nbodies,15000,9,115.180000
PolyHok,nearest_neighbor,80000000,9,1336.000000
PolyHok,saxpy,75000000,9,529.000000
PolyHok,saxpy,125000000,9,608.000000
Numba,nearest_neighbor,80000000,9,1154.140000
Numba,nearest_neighbor,20000000,9,489.390000
PolyHok,julia,2500,9,255.000000
CUDA,julia,500,9,7.280000
CUDA,nearest_neighbor,40000000,9,379.280000
PolyHok,julia,1500,9,136.000000
CUDA,nearest_neighbor,60000000,9,735.500000
Numba,nbodies,25000,9,600.480000
CUDA,mm,2000,9,87.230000
Numba,nbodies,35000,9,767.030000
CUDA,julia,2500,9,176.810000
CUDA,julia,1500,9,63.950000
PolyHok,saxpy,100000000,9,591.000000
CUDA,nbodies,30000,9,478.450000
Numba,julia,500,9,269.270000
PolyHok,nbodies,15000,9,424.000000
CUDA,saxpy,50000000,9,133.160000
CUDA,nbodies,20000,9,307.380000
Numba,nbodies,15000,9,387.250000
PolyHok,julia,2000,10,198.000000
CUDA,saxpy,150000000,10,398.740000
CUDA,julia,1500,10,63.990000
Numba,nbodies,20000,10,519.330000
CUDA,mm,3500,10,492.470000
Numba,julia,2500,10,569.230000
PolyHok,nbodies,15000,10,458.000000
PolyHok,saxpy,150000000,10,819.000000
CUDA,nearest_neighbor,20000000,10,190.490000
Numba,nbodies,25000,10,580.790000
PolyHok,nbodies,25000,10,806.000000
Numba,nearest_neighbor,80000000,10,1141.790000
CUDA,mm,3000,10,285.110000
PolyHok,saxpy,75000000,10,513.000000
Numba,nbodies,35000,10,766.890000
Numba,saxpy,100000000,10,526.000000
Numba,julia,500,10,269.400000
Numba,julia,1000,10,300.530000
CUDA,nbodies,35000,10,742.700000
CUDA,saxpy,75000000,10,191.450000
PolyHok,nearest_neighbor,100000000,10,1506.000000
CUDA,nbodies,25000,10,395.230000
PolyHok,nearest_neighbor,20000000,10,583.000000
CUDA,nearest_neighbor,100000000,10,928.280000
CUDA,mm,2000,10,86.690000
Numba,saxpy,75000000,10,429.160000
PolyHok,mm,3500,10,793.000000
PolyHok,julia,1000,10,94.000000
PolyHok,nbodies,30000,10,913.000000
PolyHok,nearest_neighbor,80000000,10,1275.000000
PolyHok,mm,4000,10,2112.000000
Numba,saxpy,150000000,10,4316.980000
PolyHok,mm,2000,10,534.000000
Numba,nearest_neighbor,100000000,10,1623.880000
Numba,nearest_neighbor,40000000,10,714.380000
PolyHok,saxpy,100000000,10,696.000000
Numba,julia,2000,10,1467.050000
CUDA,saxpy,50000000,10,126.860000
PolyHok,mm,2500,10,1081.000000
CUDA,julia,1000,10,28.380000
PolyHok,nearest_neighbor,60000000,10,2352.000000
Numba,nbodies,15000,10,432.750000
Numba,saxpy,50000000,10,625.070000
PolyHok,nbodies,20000,10,637.000000
PolyHok,saxpy,50000000,10,421.000000
Numba,nearest_neighbor,20000000,10,541.930000
PolyHok,mm,3000,10,589.000000
CUDA,nbodies,30000,10,478.350000
CUDA,mm,4000,10,698.390000
CUDA,saxpy,100000000,10,284.710000
Numba,nbodies,30000,10,625.850000
CUDA,nearest_neighbor,60000000,10,579.140000
Numba,saxpy,125000000,10,616.210000
PolyHok,nearest_neighbor,40000000,10,828.000000
PolyHok,julia,1500,10,135.000000
CUDA,nbodies,15000,10,115.110000
CUDA,nearest_neighbor,80000000,10,747.480000
CUDA,nearest_neighbor,40000000,10,372.100000
PolyHok,nbodies,35000,10,1026.000000
PolyHok,julia,2500,10,252.000000
CUDA,mm,2500,10,180.550000
CUDA,julia,2500,10,176.060000
PolyHok,saxpy,125000000,10,651.000000
CUDA,julia,500,10,7.220000
PolyHok,julia,500,10,71.000000
CUDA,saxpy,125000000,10,316.080000
Numba,julia,1500,10,367.680000
CUDA,nbodies,20000,10,298.820000
CUDA,julia,2000,10,112.880000
Numba,nearest_neighbor,60000000,10,917.010000
Numba,nbodies,30000,11,619.230000
CUDA,mm,4000,11,696.650000
PolyHok,saxpy,150000000,11,701.000000
Numba,nearest_neighbor,60000000,11,920.060000
PolyHok,nearest_neighbor,40000000,11,819.000000
PolyHok,mm,3000,11,618.000000
CUDA,nearest_neighbor,80000000,11,749.600000
CUDA,julia,2500,11,175.700000
CUDA,mm,2000,11,86.670000
CUDA,mm,2500,11,180.420000
CUDA,julia,500,11,7.220000
Numba,nbodies,35000,11,769.800000
PolyHok,nbodies,30000,11,911.000000
Numba,saxpy,150000000,11,663.230000
CUDA,nbodies,25000,11,395.490000
CUDA,julia,2000,11,112.610000
CUDA,nearest_neighbor,20000000,11,185.900000
CUDA,saxpy,125000000,11,312.800000
CUDA,nbodies,30000,11,478.450000
Numba,saxpy,125000000,11,592.650000
PolyHok,saxpy,50000000,11,420.000000
PolyHok,saxpy,125000000,11,677.000000
PolyHok,mm,3500,11,783.000000
CUDA,nearest_neighbor,60000000,11,580.160000
PolyHok,mm,4000,11,1014.000000
Numba,nearest_neighbor,40000000,11,742.640000
CUDA,mm,3000,11,286.190000
PolyHok,nbodies,25000,11,805.000000
Numba,julia,1000,11,313.970000
Numba,nbodies,25000,11,567.930000
PolyHok,nearest_neighbor,100000000,11,1621.000000
Numba,nearest_neighbor,100000000,11,1363.570000
PolyHok,julia,2500,11,259.000000
Numba,saxpy,100000000,11,513.320000
CUDA,julia,1500,11,63.550000
Numba,julia,2500,11,575.970000
PolyHok,nbodies,35000,11,1008.000000
CUDA,saxpy,100000000,11,259.120000
CUDA,nearest_neighbor,40000000,11,375.440000
CUDA,nearest_neighbor,100000000,11,957.540000
PolyHok,julia,2000,11,188.000000
Numba,nbodies,20000,11,509.160000
CUDA,julia,1000,11,28.320000
CUDA,nbodies,15000,11,115.060000
PolyHok,julia,1500,11,132.000000
CUDA,saxpy,50000000,11,126.640000
Numba,julia,500,11,259.970000
PolyHok,mm,2500,11,476.000000
PolyHok,nearest_neighbor,60000000,11,1049.000000
PolyHok,saxpy,100000000,11,574.000000
Numba,saxpy,50000000,11,374.750000
Numba,nearest_neighbor,20000000,11,502.700000
PolyHok,nearest_neighbor,80000000,11,1254.000000
CUDA,nbodies,20000,11,306.440000
CUDA,nbodies,35000,11,701.310000
Numba,nbodies,15000,11,381.080000
PolyHok,saxpy,75000000,11,490.000000
PolyHok,nearest_neighbor,20000000,11,574.000000
Numba,julia,2000,11,448.460000
PolyHok,nbodies,20000,11,545.000000
Numba,julia,1500,11,363.570000
PolyHok,nbodies,15000,11,442.000000
CUDA,mm,3500,11,492.660000
Numba,nearest_neighbor,80000000,11,1140.070000
PolyHok,julia,1000,11,97.000000
CUDA,saxpy,150000000,11,380.140000
Numba,saxpy,75000000,11,424.050000
PolyHok,mm,2000,11,367.000000
CUDA,saxpy,75000000,11,188.670000
PolyHok,julia,500,11,72.000000
PolyHok,nearest_neighbor,40000000,12,809.000000
CUDA,mm,4000,12,695.720000
Numba,julia,2500,12,563.760000
CUDA,nearest_neighbor,20000000,12,187.630000
CUDA,nbodies,20000,12,306.570000
Numba,nbodies,35000,12,750.620000
Numba,nearest_neighbor,40000000,12,746.130000
Numba,nearest_neighbor,60000000,12,909.210000
Numba,nearest_neighbor,80000000,12,1119.500000
CUDA,nearest_neighbor,60000000,12,564.740000
PolyHok,saxpy,75000000,12,585.000000
PolyHok,nbodies,20000,12,553.000000
Numba,nbodies,20000,12,499.550000
CUDA,saxpy,100000000,12,250.110000
Numba,nbodies,30000,12,628.500000
Numba,saxpy,75000000,12,425.410000
CUDA,julia,2500,12,175.770000
CUDA,julia,1000,12,28.320000
PolyHok,julia,2000,12,185.000000
Numba,nbodies,15000,12,380.700000
CUDA,julia,2000,12,112.500000
CUDA,saxpy,75000000,12,196.680000
Numba,julia,1000,12,300.150000
PolyHok,nearest_neighbor,60000000,12,1036.000000
CUDA,nbodies,15000,12,115.200000
CUDA,saxpy,125000000,12,314.170000
PolyHok,mm,3500,12,787.000000
CUDA,saxpy,150000000,12,439.910000
CUDA,nbodies,35000,12,688.150000
CUDA,nbodies,25000,12,395.560000
Numba,nearest_neighbor,20000000,12,494.220000
PolyHok,mm,2000,12,386.000000
CUDA,mm,2500,12,181.100000
Numba,saxpy,50000000,12,359.020000
PolyHok,julia,2500,12,256.000000
Numba,saxpy,100000000,12,531.730000
CUDA,nbodies,30000,12,478.390000
PolyHok,nbodies,35000,12,1028.000000
CUDA,nearest_neighbor,80000000,12,758.430000
PolyHok,julia,1500,12,1199.000000
CUDA,julia,500,12,7.440000
CUDA,mm,3000,12,281.480000
PolyHok,mm,2500,12,460.000000
CUDA,julia,1500,12,63.870000
PolyHok,saxpy,125000000,12,601.000000
CUDA,nearest_neighbor,40000000,12,373.290000
PolyHok,nearest_neighbor,20000000,12,566.000000
PolyHok,julia,500,12,72.000000
PolyHok,mm,4000,12,1266.000000
PolyHok,nearest_neighbor,80000000,12,1261.000000
Numba,julia,2000,12,549.730000
PolyHok,julia,1000,12,95.000000
PolyHok,saxpy,150000000,12,710.000000
PolyHok,mm,3000,12,607.000000
Numba,nearest_neighbor,100000000,12,1444.140000
CUDA,saxpy,50000000,12,152.810000
Numba,julia,1500,12,379.840000
PolyHok,saxpy,100000000,12,575.000000
PolyHok,nbodies,30000,12,895.000000
PolyHok,nbodies,15000,12,451.000000
PolyHok,nbodies,25000,12,769.000000
PolyHok,saxpy,50000000,12,418.000000
Numba,saxpy,125000000,12,575.630000
CUDA,nearest_neighbor,100000000,12,930.230000
Numba,julia,500,12,260.100000
Numba,nbodies,25000,12,560.140000
CUDA,mm,3500,12,490.460000
Numba,saxpy,150000000,12,652.290000
CUDA,mm,2000,12,86.610000
PolyHok,nearest_neighbor,100000000,12,1496.000000
PolyHok,saxpy,75000000,13,491.000000
Numba,julia,500,13,260.740000
Numba,saxpy,75000000,13,428.710000
Numba,nearest_neighbor,60000000,13,910.140000
Numba,nearest_neighbor,80000000,13,1118.610000
Numba,nearest_neighbor,100000000,13,1324.470000
Numba,nbodies,35000,13,761.040000
Numba,nearest_neighbor,40000000,13,701.690000
Numba,julia,1500,13,378.610000
CUDA,saxpy,75000000,13,187.360000
PolyHok,saxpy,50000000,13,513.000000
CUDA,saxpy,100000000,13,253.610000
CUDA,nbodies,35000,13,687.730000
CUDA,saxpy,50000000,13,126.120000
PolyHok,julia,1000,13,106.000000
CUDA,nearest_neighbor,20000000,13,188.430000
CUDA,julia,1500,13,63.450000
PolyHok,julia,2500,13,257.000000
CUDA,nbodies,15000,13,115.200000
PolyHok,nbodies,35000,13,974.000000
PolyHok,mm,2000,13,367.000000
PolyHok,julia,1500,13,136.000000
Numba,saxpy,150000000,13,659.840000
CUDA,nearest_neighbor,40000000,13,379.120000
Numba,saxpy,100000000,13,522.040000
PolyHok,nbodies,15000,13,450.000000
Numba,julia,2000,13,455.560000
Numba,julia,2500,13,572.880000
PolyHok,nearest_neighbor,20000000,13,572.000000
CUDA,nbodies,25000,13,395.350000
CUDA,saxpy,150000000,13,373.850000
PolyHok,mm,3000,13,566.000000
PolyHok,nearest_neighbor,60000000,13,1057.000000
CUDA,mm,2500,13,180.640000
CUDA,julia,2000,13,112.660000
PolyHok,julia,2000,13,187.000000
PolyHok,saxpy,100000000,13,573.000000
Numba,nbodies,25000,13,568.550000
PolyHok,mm,3500,13,789.000000
Numba,saxpy,50000000,13,362.080000
PolyHok,julia,500,13,77.000000
Numba,nbodies,20000,13,503.620000
PolyHok,nearest_neighbor,40000000,13,776.000000
PolyHok,nearest_neighbor,80000000,13,1255.000000
PolyHok,nbodies,30000,13,870.000000
Numba,julia,1000,13,305.420000
CUDA,nearest_neighbor,80000000,13,758.980000
PolyHok,saxpy,150000000,13,813.000000
PolyHok,saxpy,125000000,13,641.000000
CUDA,saxpy,125000000,13,315.790000
Numba,nearest_neighbor,20000000,13,493.750000
Numba,saxpy,125000000,13,579.640000
PolyHok,mm,4000,13,1052.000000
CUDA,julia,2500,13,179.860000
PolyHok,mm,2500,13,463.000000
Numba,nbodies,30000,13,625.520000
CUDA,julia,500,13,7.290000
CUDA,mm,4000,13,699.070000
CUDA,mm,3000,13,283.840000
CUDA,nbodies,20000,13,314.420000
CUDA,julia,1000,13,28.350000
PolyHok,nearest_neighbor,100000000,13,2024.000000
CUDA,nearest_neighbor,100000000,13,933.090000
PolyHok,nbodies,20000,13,535.000000
CUDA,mm,2000,13,86.790000
PolyHok,nbodies,25000,13,804.000000
CUDA,nearest_neighbor,60000000,13,559.800000
Numba,nbodies,15000,13,381.080000
CUDA,nbodies,30000,13,478.260000
CUDA,mm,3500,13,491.340000
PolyHok,julia,1000,14,95.000000
CUDA,julia,2000,14,112.690000
CUDA,saxpy,100000000,14,253.850000
Numba,nearest_neighbor,100000000,14,1338.100000
CUDA,saxpy,125000000,14,313.960000
CUDA,nbodies,30000,14,478.320000
CUDA,nearest_neighbor,100000000,14,929.150000
PolyHok,julia,2000,14,188.000000
CUDA,nbodies,15000,14,115.370000
CUDA,nearest_neighbor,80000000,14,744.730000
PolyHok,mm,4000,14,1063.000000
PolyHok,julia,1500,14,135.000000
CUDA,saxpy,50000000,14,154.970000
Numba,nearest_neighbor,40000000,14,714.040000
Numba,julia,1500,14,360.040000
Numba,nbodies,30000,14,615.020000
PolyHok,mm,3000,14,572.000000
CUDA,mm,3500,14,490.490000
PolyHok,julia,500,14,74.000000
Numba,saxpy,75000000,14,451.060000
CUDA,nbodies,20000,14,298.850000
PolyHok,saxpy,150000000,14,668.000000
Numba,julia,500,14,274.890000
CUDA,julia,2500,14,176.760000
PolyHok,julia,2500,14,249.000000
CUDA,julia,1500,14,63.660000
CUDA,saxpy,75000000,14,196.920000
PolyHok,nearest_neighbor,20000000,14,1250.000000
PolyHok,nearest_neighbor,80000000,14,1236.000000
PolyHok,nearest_neighbor,40000000,14,801.000000
Numba,saxpy,50000000,14,358.500000
PolyHok,nearest_neighbor,60000000,14,1022.000000
CUDA,mm,3000,14,281.090000
Numba,julia,2000,14,450.050000
CUDA,mm,4000,14,695.900000
PolyHok,saxpy,75000000,14,509.000000
Numba,nbodies,35000,14,831.070000
Numba,nbodies,20000,14,506.160000
Numba,saxpy,150000000,14,665.090000
Numba,saxpy,100000000,14,498.850000
CUDA,julia,1000,14,28.320000
Numba,nbodies,25000,14,571.160000
PolyHok,saxpy,125000000,14,639.000000
Numba,nearest_neighbor,60000000,14,908.990000
Numba,nearest_neighbor,20000000,14,487.520000
PolyHok,saxpy,50000000,14,417.000000
CUDA,saxpy,150000000,14,386.410000
PolyHok,nbodies,25000,14,798.000000
PolyHok,mm,2500,14,472.000000
PolyHok,mm,2000,14,371.000000
Numba,saxpy,125000000,14,630.290000
CUDA,julia,500,14,7.270000
PolyHok,nbodies,20000,14,543.000000
CUDA,nearest_neighbor,20000000,14,188.940000
Numba,julia,1000,14,306.000000
CUDA,mm,2000,14,88.630000
PolyHok,nbodies,35000,14,1016.000000
CUDA,nbodies,35000,14,715.430000
PolyHok,saxpy,100000000,14,620.000000
PolyHok,nearest_neighbor,100000000,14,1471.000000
Numba,nearest_neighbor,80000000,14,1131.600000
PolyHok,mm,3500,14,841.000000
CUDA,nearest_neighbor,40000000,14,380.780000
CUDA,nbodies,25000,14,395.260000
Numba,julia,2500,14,564.830000
PolyHok,nbodies,15000,14,449.000000
CUDA,mm,2500,14,181.670000
CUDA,nearest_neighbor,60000000,14,574.630000
Numba,nbodies,15000,14,386.180000
PolyHok,nbodies,30000,14,900.000000
Numba,julia,1000,15,310.240000
Numba,julia,2000,15,455.780000
PolyHok,nearest_neighbor,60000000,15,1034.000000
PolyHok,mm,3500,15,846.000000
PolyHok,saxpy,125000000,15,653.000000
CUDA,saxpy,75000000,15,223.260000
Numba,julia,500,15,267.840000
CUDA,saxpy,150000000,15,405.960000
CUDA,nearest_neighbor,80000000,15,756.370000
CUDA,nbodies,25000,15,395.430000
Numba,saxpy,150000000,15,699.720000
Numba,julia,1500,15,430.870000
PolyHok,mm,2500,15,468.000000
PolyHok,nbodies,30000,15,934.000000
CUDA,nbodies,20000,15,314.540000
CUDA,mm,3000,15,281.980000
CUDA,julia,500,15,7.280000
Numba,nearest_neighbor,60000000,15,951.520000
PolyHok,nearest_neighbor,100000000,15,1519.000000
PolyHok,julia,2500,15,247.000000
Numba,nbodies,30000,15,620.960000
CUDA,saxpy,50000000,15,126.790000
PolyHok,nbodies,15000,15,418.000000
PolyHok,nearest_neighbor,20000000,15,578.000000
CUDA,nbodies,15000,15,115.190000
PolyHok,mm,2000,15,371.000000
PolyHok,saxpy,150000000,15,725.000000
PolyHok,julia,500,15,74.000000
CUDA,saxpy,100000000,15,389.510000
Numba,saxpy,50000000,15,350.100000
CUDA,julia,2500,15,175.720000
PolyHok,nbodies,35000,15,1002.000000
PolyHok,mm,3000,15,593.000000
CUDA,nearest_neighbor,100000000,15,944.430000
PolyHok,nbodies,25000,15,814.000000
CUDA,nearest_neighbor,20000000,15,188.810000
Numba,nbodies,35000,15,767.390000
Numba,nearest_neighbor,100000000,15,1345.610000
PolyHok,nearest_neighbor,40000000,15,836.000000
Numba,saxpy,75000000,15,429.590000
CUDA,nearest_neighbor,60000000,15,557.250000
PolyHok,saxpy,75000000,15,499.000000
Numba,saxpy,100000000,15,502.720000
Numba,nbodies,25000,15,560.630000
PolyHok,saxpy,100000000,15,576.000000
PolyHok,nearest_neighbor,80000000,15,1259.000000
Numba,saxpy,125000000,15,582.340000
PolyHok,nbodies,20000,15,560.000000
PolyHok,julia,1500,15,132.000000
CUDA,saxpy,125000000,15,314.650000
PolyHok,julia,2000,15,188.000000
PolyHok,saxpy,50000000,15,420.000000
Numba,nearest_neighbor,80000000,15,1127.810000
CUDA,julia,2000,15,112.480000
Numba,nbodies,20000,15,502.880000
CUDA,nbodies,30000,15,478.360000
CUDA,mm,4000,15,698.120000
Numba,nearest_neighbor,40000000,15,701.570000
PolyHok,mm,4000,15,1046.000000
CUDA,mm,2500,15,184.220000
CUDA,nearest_neighbor,40000000,15,391.130000
Numba,nearest_neighbor,20000000,15,504.810000
Numba,julia,2500,15,570.020000
PolyHok,julia,1000,15,99.000000
CUDA,mm,2000,15,88.060000
CUDA,julia,1000,15,29.310000
CUDA,nbodies,35000,15,714.920000
CUDA,mm,3500,15,491.130000
CUDA,julia,1500,15,64.430000
Numba,nbodies,15000,15,383.460000
CUDA,mm,3500,16,493.850000
CUDA,nearest_neighbor,40000000,16,377.890000
PolyHok,nbodies,25000,16,769.000000
Numba,nearest_neighbor,20000000,16,508.110000
PolyHok,nearest_neighbor,20000000,16,570.000000
CUDA,mm,2500,16,181.550000
CUDA,saxpy,125000000,16,338.770000
CUDA,nearest_neighbor,20000000,16,186.060000
Numba,julia,2500,16,560.500000
PolyHok,nearest_neighbor,100000000,16,1564.000000
PolyHok,mm,2500,16,470.000000
Numba,julia,1500,16,367.650000
Numba,nbodies,30000,16,619.190000
CUDA,saxpy,100000000,16,275.190000
Numba,nbodies,35000,16,777.810000
PolyHok,nbodies,30000,16,905.000000
CUDA,julia,1500,16,64.740000
CUDA,nearest_neighbor,80000000,16,755.340000
Numba,nbodies,15000,16,388.480000
PolyHok,mm,4000,16,1008.000000
Numba,julia,500,16,268.600000
CUDA,nbodies,25000,16,396.140000
CUDA,julia,1000,16,28.780000
CUDA,mm,4000,16,701.650000
Numba,saxpy,50000000,16,378.440000
Numba,nearest_neighbor,60000000,16,3627.480000
PolyHok,nbodies,35000,16,1488.000000
Numba,julia,2000,16,468.480000
Numba,nbodies,20000,16,713.060000
Numba,julia,1000,16,308.200000
Numba,saxpy,75000000,16,539.060000
PolyHok,nearest_neighbor,40000000,16,802.000000
PolyHok,julia,2500,16,250.000000
PolyHok,saxpy,75000000,16,501.000000
Numba,nearest_neighbor,40000000,16,721.690000
PolyHok,julia,500,16,73.000000
CUDA,nbodies,30000,16,572.450000
Numba,nearest_neighbor,80000000,16,1120.140000
Numba,nearest_neighbor,100000000,16,1333.090000
CUDA,saxpy,50000000,16,125.740000
PolyHok,julia,1500,16,134.000000
PolyHok,nearest_neighbor,60000000,16,1053.000000
Numba,nbodies,25000,16,562.710000
PolyHok,saxpy,125000000,16,628.000000
CUDA,nearest_neighbor,60000000,16,557.750000
PolyHok,julia,1000,16,95.000000
PolyHok,saxpy,100000000,16,570.000000
PolyHok,mm,3500,16,794.000000
CUDA,julia,2000,16,115.330000
PolyHok,nbodies,20000,16,543.000000
CUDA,nearest_neighbor,100000000,16,1107.390000
CUDA,nbodies,35000,16,687.790000
CUDA,saxpy,75000000,16,202.000000
PolyHok,mm,3000,16,624.000000
PolyHok,nearest_neighbor,80000000,16,1325.000000
PolyHok,julia,2000,16,187.000000
Numba,saxpy,100000000,16,509.020000
Numba,saxpy,150000000,16,653.610000
CUDA,julia,2500,16,177.900000
CUDA,mm,3000,16,785.540000
CUDA,nbodies,15000,16,115.290000
PolyHok,nbodies,15000,16,453.000000
CUDA,julia,500,16,7.220000
Numba,saxpy,125000000,16,641.440000
PolyHok,saxpy,50000000,16,428.000000
CUDA,nbodies,20000,16,298.910000
CUDA,mm,2000,16,86.760000
CUDA,saxpy,150000000,16,379.040000
PolyHok,saxpy,150000000,16,715.000000
PolyHok,mm,2000,16,369.000000
PolyHok,saxpy,100000000,17,560.000000
Numba,nearest_neighbor,80000000,17,1128.890000
Numba,nbodies,15000,17,757.680000
PolyHok,nearest_neighbor,40000000,17,803.000000
CUDA,nbodies,25000,17,395.430000
Numba,saxpy,50000000,17,670.180000
PolyHok,nbodies,20000,17,511.000000
CUDA,nearest_neighbor,60000000,17,559.150000
PolyHok,saxpy,50000000,17,435.000000
CUDA,saxpy,100000000,17,253.250000
PolyHok,nearest_neighbor,80000000,17,1249.000000
Numba,nearest_neighbor,40000000,17,702.520000
PolyHok,mm,3500,17,773.000000
PolyHok,nbodies,15000,17,429.000000
PolyHok,julia,1500,17,129.000000
Numba,nbodies,20000,17,511.710000
Numba,julia,500,17,268.440000
Numba,nbodies,35000,17,755.100000
Numba,saxpy,75000000,17,451.150000
CUDA,mm,2000,17,88.330000
CUDA,mm,3000,17,283.990000
PolyHok,saxpy,75000000,17,504.000000
PolyHok,julia,2000,17,187.000000
Numba,nbodies,25000,17,570.000000
PolyHok,saxpy,150000000,17,788.000000
Numba,julia,2000,17,451.950000
Numba,nearest_neighbor,20000000,17,490.940000
CUDA,saxpy,75000000,17,190.290000
CUDA,nbodies,15000,17,115.150000
Numba,saxpy,125000000,17,576.840000
Numba,julia,1000,17,297.530000
CUDA,mm,3500,17,490.170000
CUDA,julia,2500,17,176.800000
PolyHok,mm,2500,17,472.000000
CUDA,nearest_neighbor,20000000,17,190.000000
CUDA,mm,4000,17,701.800000
Numba,saxpy,100000000,17,531.730000
Numba,julia,2500,17,567.360000
CUDA,nearest_neighbor,80000000,17,759.370000
PolyHok,saxpy,125000000,17,667.000000
CUDA,julia,2000,17,113.660000
CUDA,nearest_neighbor,100000000,17,936.170000
PolyHok,mm,4000,17,991.000000
Numba,nearest_neighbor,100000000,17,2611.110000
CUDA,nbodies,35000,17,688.310000
CUDA,julia,1500,17,63.710000
PolyHok,nearest_neighbor,60000000,17,2388.000000
PolyHok,nbodies,25000,17,810.000000
PolyHok,mm,3000,17,590.000000
Numba,nbodies,30000,17,630.380000
CUDA,saxpy,150000000,17,390.730000
PolyHok,mm,2000,17,374.000000
PolyHok,julia,2500,17,421.000000
PolyHok,julia,500,17,74.000000
PolyHok,nbodies,35000,17,999.000000
CUDA,nearest_neighbor,40000000,17,473.620000
PolyHok,nearest_neighbor,20000000,17,579.000000
CUDA,mm,2500,17,180.750000
PolyHok,nbodies,30000,17,1277.000000
CUDA,nbodies,30000,17,478.350000
Numba,nearest_neighbor,60000000,17,916.870000
PolyHok,julia,1000,17,95.000000
CUDA,julia,500,17,7.250000
CUDA,saxpy,125000000,17,333.150000
Numba,julia,1500,17,361.720000
CUDA,nbodies,20000,17,314.760000
Numba,saxpy,150000000,17,652.880000
PolyHok,nearest_neighbor,100000000,17,1493.000000
CUDA,saxpy,50000000,17,125.880000
CUDA,julia,1000,17,28.300000
CUDA,julia,1000,18,28.670000
PolyHok,mm,3000,18,573.000000
PolyHok,nearest_neighbor,60000000,18,1019.000000
PolyHok,saxpy,150000000,18,759.000000
PolyHok,mm,2000,18,372.000000
PolyHok,julia,2500,18,248.000000
CUDA,saxpy,150000000,18,424.120000
PolyHok,nearest_neighbor,20000000,18,2092.000000
Numba,nbodies,25000,18,622.180000
CUDA,julia,1500,18,63.590000
Numba,nearest_neighbor,60000000,18,997.370000
CUDA,saxpy,50000000,18,127.110000
CUDA,nearest_neighbor,20000000,18,186.910000
CUDA,saxpy,75000000,18,190.250000
Numba,nearest_neighbor,20000000,18,494.860000
Numba,saxpy,100000000,18,505.080000
CUDA,julia,500,18,7.270000
PolyHok,nbodies,30000,18,914.000000
Numba,julia,1000,18,303.470000
PolyHok,nbodies,20000,18,520.000000
CUDA,nearest_neighbor,40000000,18,375.090000
CUDA,nbodies,30000,18,478.540000
CUDA,mm,3500,18,497.960000
CUDA,julia,2000,18,112.790000
Numba,nearest_neighbor,80000000,18,1120.810000
PolyHok,saxpy,125000000,18,648.000000
PolyHok,mm,2500,18,441.000000
Numba,julia,2500,18,572.620000
PolyHok,julia,1500,18,140.000000
Numba,nbodies,30000,18,621.080000
PolyHok,saxpy,50000000,18,424.000000
PolyHok,nearest_neighbor,100000000,18,1486.000000
PolyHok,nearest_neighbor,80000000,18,1262.000000
Numba,nbodies,20000,18,514.980000
Numba,saxpy,75000000,18,430.810000
CUDA,mm,4000,18,695.890000
PolyHok,saxpy,75000000,18,495.000000
PolyHok,nbodies,35000,18,1002.000000
CUDA,saxpy,125000000,18,314.380000
PolyHok,nbodies,25000,18,803.000000
PolyHok,julia,2000,18,187.000000
PolyHok,julia,1000,18,96.000000
Numba,saxpy,150000000,18,654.570000
Numba,nbodies,35000,18,749.230000
CUDA,saxpy,100000000,18,253.190000
Numba,nearest_neighbor,100000000,18,1361.740000
PolyHok,mm,4000,18,1013.000000
PolyHok,mm,3500,18,792.000000
CUDA,nbodies,15000,18,116.230000
CUDA,nearest_neighbor,100000000,18,954.960000
CUDA,nbodies,20000,18,298.840000
PolyHok,saxpy,100000000,18,592.000000
CUDA,nbodies,35000,18,687.780000
CUDA,nearest_neighbor,80000000,18,746.160000
PolyHok,nbodies,15000,18,447.000000
Numba,julia,500,18,266.680000
CUDA,nearest_neighbor,60000000,18,561.450000
Numba,nearest_neighbor,40000000,18,718.530000
CUDA,mm,3000,18,281.200000
Numba,saxpy,50000000,18,351.530000
Numba,julia,2000,18,448.060000
PolyHok,julia,500,18,74.000000
Numba,julia,1500,18,361.600000
Numba,saxpy,125000000,18,582.970000
CUDA,mm,2500,18,180.660000
PolyHok,nearest_neighbor,40000000,18,797.000000
Numba,nbodies,15000,18,478.570000
CUDA,nbodies,25000,18,395.500000
CUDA,mm,2000,18,86.620000
CUDA,julia,2500,18,175.410000
PolyHok,julia,2500,19,256.000000
PolyHok,nearest_neighbor,20000000,19,548.000000
PolyHok,julia,2000,19,181.000000
Numba,nearest_neighbor,80000000,19,1131.870000
PolyHok,nbodies,20000,19,540.000000
Numba,nearest_neighbor,60000000,19,911.140000
CUDA,nearest_neighbor,20000000,19,186.610000
PolyHok,saxpy,75000000,19,503.000000
CUDA,saxpy,100000000,19,253.150000
CUDA,saxpy,50000000,19,125.790000
PolyHok,nearest_neighbor,100000000,19,1471.000000
PolyHok,julia,1500,19,131.000000
Numba,nbodies,30000,19,615.700000
PolyHok,nearest_neighbor,40000000,19,801.000000
CUDA,nearest_neighbor,40000000,19,372.910000
Numba,saxpy,125000000,19,599.280000
CUDA,julia,1000,19,28.300000
Numba,saxpy,150000000,19,657.700000
Numba,julia,2000,19,448.370000
PolyHok,nbodies,30000,19,909.000000
Numba,julia,1500,19,361.290000
CUDA,nearest_neighbor,60000000,19,564.730000
Numba,saxpy,75000000,19,424.630000
PolyHok,saxpy,150000000,19,718.000000
CUDA,saxpy,150000000,19,376.280000
Numba,nbodies,20000,19,498.900000
PolyHok,julia,1000,19,94.000000
CUDA,mm,2500,19,180.450000
CUDA,nbodies,15000,19,115.380000
PolyHok,mm,2000,19,367.000000
CUDA,mm,2000,19,86.610000
Numba,nearest_neighbor,40000000,19,714.430000
CUDA,julia,2500,19,177.050000
CUDA,saxpy,125000000,19,331.570000
CUDA,julia,2000,19,112.660000
PolyHok,julia,500,19,73.000000
CUDA,nearest_neighbor,100000000,19,943.540000
Numba,nbodies,25000,19,567.820000
CUDA,mm,4000,19,697.490000
PolyHok,mm,3000,19,582.000000
PolyHok,nbodies,35000,19,1000.000000
CUDA,mm,3500,19,495.660000
CUDA,nbodies,35000,19,716.000000
PolyHok,saxpy,100000000,19,633.000000
PolyHok,nbodies,25000,19,765.000000
PolyHok,nbodies,15000,19,442.000000
PolyHok,saxpy,125000000,19,645.000000
Numba,saxpy,50000000,19,358.660000
CUDA,julia,1500,19,64.370000
CUDA,julia,500,19,7.280000
Numba,julia,500,19,265.540000
Numba,nearest_neighbor,20000000,19,490.310000
PolyHok,nearest_neighbor,60000000,19,1026.000000
CUDA,saxpy,75000000,19,189.450000
CUDA,nearest_neighbor,80000000,19,746.130000
PolyHok,mm,4000,19,1059.000000
PolyHok,mm,3500,19,792.000000
PolyHok,saxpy,50000000,19,415.000000
CUDA,nbodies,20000,19,299.770000
PolyHok,mm,2500,19,463.000000
Numba,nbodies,35000,19,759.100000
CUDA,nbodies,30000,19,478.330000
CUDA,nbodies,25000,19,395.440000
Numba,julia,1000,19,297.790000
Numba,nbodies,15000,19,378.680000
Numba,saxpy,100000000,19,528.790000
PolyHok,nearest_neighbor,80000000,19,1273.000000
Numba,nearest_neighbor,100000000,19,1328.350000
CUDA,mm,3000,19,280.890000
Numba,julia,2500,19,560.910000
CUDA,nearest_neighbor,40000000,20,371.750000
Numba,saxpy,150000000,20,656.360000
CUDA,saxpy,75000000,20,199.200000
CUDA,julia,500,20,7.240000
PolyHok,julia,1500,20,219.000000
CUDA,mm,4000,20,695.420000
Numba,nearest_neighbor,40000000,20,702.030000
PolyHok,nbodies,20000,20,637.000000
Numba,nbodies,15000,20,379.150000
CUDA,julia,2000,20,112.870000
CUDA,nearest_neighbor,100000000,20,931.460000
Numba,julia,1500,20,361.030000
Numba,nbodies,20000,20,503.230000
Numba,nearest_neighbor,100000000,20,1329.700000
CUDA,mm,2500,20,180.400000
PolyHok,saxpy,125000000,20,684.000000
Numba,saxpy,50000000,20,349.270000
Numba,nbodies,30000,20,614.800000
CUDA,nbodies,25000,20,395.070000
PolyHok,mm,3500,20,891.000000
Numba,nearest_neighbor,80000000,20,1156.110000
PolyHok,nbodies,35000,20,1540.000000
CUDA,mm,2000,20,88.120000
Numba,saxpy,75000000,20,450.780000
CUDA,saxpy,150000000,20,405.300000
PolyHok,saxpy,100000000,20,570.000000
CUDA,nbodies,35000,20,687.590000
Numba,nearest_neighbor,20000000,20,494.700000
CUDA,mm,3000,20,282.980000
PolyHok,mm,2500,20,503.000000
Numba,nearest_neighbor,60000000,20,968.120000
Numba,julia,2500,20,566.210000
PolyHok,saxpy,75000000,20,506.000000
CUDA,julia,1500,20,64.970000
CUDA,nearest_neighbor,60000000,20,566.340000
PolyHok,nbodies,30000,20,903.000000
CUDA,mm,3500,20,490.150000
CUDA,julia,2500,20,175.510000
CUDA,saxpy,100000000,20,272.590000
PolyHok,mm,2000,20,370.000000
CUDA,saxpy,50000000,20,126.370000
Numba,julia,2000,20,454.270000
PolyHok,julia,2000,20,184.000000
CUDA,nearest_neighbor,20000000,20,186.760000
CUDA,saxpy,125000000,20,338.490000
CUDA,nbodies,15000,20,115.110000
Numba,nbodies,35000,20,750.720000
PolyHok,saxpy,150000000,20,721.000000
Numba,julia,500,20,262.040000
Numba,saxpy,100000000,20,511.570000
CUDA,nbodies,20000,20,306.650000
PolyHok,nearest_neighbor,60000000,20,1116.000000
PolyHok,julia,2500,20,247.000000
PolyHok,julia,500,20,75.000000
PolyHok,saxpy,50000000,20,417.000000
CUDA,julia,1000,20,28.280000
PolyHok,nearest_neighbor,40000000,20,800.000000
PolyHok,nbodies,25000,20,786.000000
PolyHok,mm,4000,20,1007.000000
CUDA,nbodies,30000,20,481.490000
PolyHok,mm,3000,20,570.000000
PolyHok,nearest_neighbor,100000000,20,1476.000000
PolyHok,nearest_neighbor,20000000,20,601.000000
Numba,julia,1000,20,359.130000
Numba,nbodies,25000,20,603.560000
CUDA,nearest_neighbor,80000000,20,744.570000
Numba,saxpy,125000000,20,576.300000
PolyHok,nearest_neighbor,80000000,20,1267.000000
PolyHok,nbodies,15000,20,446.000000
PolyHok,julia,1000,20,95.000000
CUDA,nearest_neighbor,80000000,21,744.360000
CUDA,julia,1000,21,28.280000
CUDA,nbodies,35000,21,701.730000
Numba,nearest_neighbor,40000000,21,700.400000
PolyHok,saxpy,50000000,21,427.000000
Numba,nearest_neighbor,60000000,21,924.580000
Numba,nearest_neighbor,80000000,21,1117.680000
CUDA,nearest_neighbor,100000000,21,932.170000
CUDA,saxpy,75000000,21,189.680000
PolyHok,nearest_neighbor,60000000,21,1032.000000
CUDA,mm,3500,21,490.860000
CUDA,nbodies,30000,21,480.990000
Numba,saxpy,75000000,21,430.780000
CUDA,julia,2000,21,112.720000
PolyHok,julia,2500,21,248.000000
Numba,julia,1000,21,299.090000
PolyHok,nearest_neighbor,100000000,21,1500.000000
CUDA,nbodies,25000,21,395.060000
Numba,nbodies,20000,21,498.110000
CUDA,saxpy,100000000,21,259.890000
PolyHok,mm,2000,21,376.000000
Numba,saxpy,125000000,21,603.760000
CUDA,mm,2500,21,181.940000
CUDA,nbodies,20000,21,298.900000
Numba,julia,500,21,265.360000
CUDA,julia,500,21,7.270000
PolyHok,nbodies,30000,21,915.000000
PolyHok,saxpy,150000000,21,707.000000
PolyHok,saxpy,125000000,21,639.000000
PolyHok,julia,1000,21,95.000000
PolyHok,nearest_neighbor,20000000,21,598.000000
PolyHok,mm,2500,21,462.000000
Numba,saxpy,100000000,21,609.120000
CUDA,saxpy,125000000,21,317.960000
Numba,nbodies,25000,21,563.710000
PolyHok,nbodies,35000,21,1007.000000
PolyHok,nbodies,20000,21,507.000000
CUDA,mm,4000,21,695.730000
PolyHok,mm,3500,21,791.000000
PolyHok,julia,2000,21,182.000000
PolyHok,nearest_neighbor,80000000,21,1287.000000
CUDA,saxpy,50000000,21,132.650000
Numba,julia,2500,21,565.370000
CUDA,nearest_neighbor,20000000,21,189.650000
CUDA,mm,3000,21,282.650000
CUDA,nearest_neighbor,60000000,21,566.840000
Numba,nbodies,15000,21,385.440000
PolyHok,julia,500,21,72.000000
Numba,julia,1500,21,362.570000
CUDA,julia,2500,21,175.910000
PolyHok,nbodies,15000,21,450.000000
PolyHok,mm,4000,21,1005.000000
PolyHok,nbodies,25000,21,806.000000
PolyHok,mm,3000,21,570.000000
Numba,nearest_neighbor,20000000,21,510.150000
PolyHok,saxpy,75000000,21,501.000000
Numba,nbodies,30000,21,625.430000
CUDA,nearest_neighbor,40000000,21,371.400000
PolyHok,nearest_neighbor,40000000,21,804.000000
Numba,nearest_neighbor,100000000,21,1351.920000
CUDA,julia,1500,21,63.410000
Numba,saxpy,50000000,21,349.920000
CUDA,saxpy,150000000,21,376.630000
Numba,julia,2000,21,453.250000
CUDA,mm,2000,21,86.770000
PolyHok,julia,1500,21,133.000000
CUDA,nbodies,15000,21,115.170000
Numba,nbodies,35000,21,761.360000
Numba,saxpy,150000000,21,656.170000
PolyHok,saxpy,100000000,21,581.000000
Numba,nearest_neighbor,60000000,22,916.400000
Numba,nbodies,15000,22,378.780000
PolyHok,julia,2500,22,257.000000
Numba,saxpy,75000000,22,425.190000
CUDA,nbodies,15000,22,115.140000
CUDA,nbodies,30000,22,478.320000
PolyHok,nbodies,20000,22,506.000000
PolyHok,nbodies,35000,22,1000.000000
PolyHok,saxpy,75000000,22,503.000000
PolyHok,saxpy,125000000,22,646.000000
CUDA,julia,2500,22,175.490000
CUDA,saxpy,50000000,22,126.300000
CUDA,nearest_neighbor,40000000,22,371.760000
Numba,nbodies,35000,22,754.770000
PolyHok,nearest_neighbor,40000000,22,804.000000
PolyHok,saxpy,100000000,22,533.000000
Numba,nearest_neighbor,100000000,22,1346.450000
CUDA,mm,4000,22,695.220000
CUDA,saxpy,125000000,22,313.650000
PolyHok,mm,2000,22,344.000000
CUDA,nbodies,20000,22,298.840000
CUDA,mm,2500,22,182.170000
CUDA,saxpy,150000000,22,401.560000
Numba,nearest_neighbor,20000000,22,498.320000
CUDA,saxpy,75000000,22,197.190000
Numba,julia,2500,22,569.040000
PolyHok,nearest_neighbor,60000000,22,1062.000000
Numba,julia,1500,22,362.640000
PolyHok,mm,3500,22,787.000000
Numba,saxpy,100000000,22,538.400000
PolyHok,mm,4000,22,1006.000000
PolyHok,julia,1000,22,98.000000
PolyHok,nbodies,15000,22,455.000000
CUDA,nearest_neighbor,20000000,22,193.930000
CUDA,julia,1500,22,65.220000
Numba,julia,1000,22,302.660000
CUDA,saxpy,100000000,22,307.770000
PolyHok,nbodies,25000,22,808.000000
CUDA,nbodies,35000,22,687.940000
PolyHok,saxpy,150000000,22,1727.000000
PolyHok,nbodies,30000,22,963.000000
PolyHok,julia,1500,22,133.000000
Numba,nearest_neighbor,80000000,22,1125.610000
CUDA,julia,500,22,7.240000
PolyHok,nearest_neighbor,80000000,22,1232.000000
Numba,nbodies,30000,22,614.730000
Numba,saxpy,150000000,22,654.140000
Numba,saxpy,50000000,22,348.780000
CUDA,julia,2000,22,113.410000
Numba,julia,500,22,262.230000
Numba,nearest_neighbor,40000000,22,703.650000
PolyHok,mm,2500,22,520.000000
Numba,saxpy,125000000,22,625.200000
PolyHok,nearest_neighbor,20000000,22,566.000000
CUDA,mm,3500,22,493.210000
CUDA,julia,1000,22,29.220000
CUDA,mm,3000,22,285.780000
PolyHok,nearest_neighbor,100000000,22,1488.000000
CUDA,mm,2000,22,87.240000
CUDA,nearest_neighbor,60000000,22,558.600000
CUDA,nbodies,25000,22,395.630000
PolyHok,julia,2000,22,188.000000
PolyHok,saxpy,50000000,22,425.000000
Numba,julia,2000,22,448.630000
CUDA,nearest_neighbor,100000000,22,935.190000
PolyHok,julia,500,22,75.000000
Numba,nbodies,25000,22,576.390000
PolyHok,mm,3000,22,575.000000
CUDA,nearest_neighbor,80000000,22,763.740000
Numba,nbodies,20000,22,524.700000
Numba,julia,1500,23,368.590000
CUDA,julia,2000,23,117.420000
Numba,saxpy,100000000,23,571.240000
Numba,nbodies,35000,23,759.300000
CUDA,saxpy,150000000,23,414.880000
Numba,nbodies,30000,23,618.910000
CUDA,mm,3500,23,490.450000
PolyHok,julia,500,23,76.000000
CUDA,julia,1000,23,28.620000
PolyHok,mm,2500,23,480.000000
Numba,saxpy,75000000,23,452.100000
PolyHok,mm,4000,23,1031.000000
PolyHok,nbodies,25000,23,812.000000
Numba,nbodies,20000,23,506.600000
PolyHok,nbodies,35000,23,1001.000000
CUDA,nearest_neighbor,100000000,23,970.580000
CUDA,nbodies,25000,23,397.580000
Numba,saxpy,50000000,23,380.190000
CUDA,mm,2000,23,88.500000
PolyHok,saxpy,100000000,23,961.000000
PolyHok,nbodies,30000,23,1004.000000
PolyHok,saxpy,50000000,23,477.000000
CUDA,julia,500,23,9.680000
CUDA,nbodies,35000,23,716.020000
PolyHok,saxpy,150000000,23,733.000000
PolyHok,nearest_neighbor,100000000,23,1494.000000
PolyHok,nearest_neighbor,80000000,23,1252.000000
PolyHok,nbodies,15000,23,448.000000
Numba,julia,1000,23,299.000000
Numba,nearest_neighbor,60000000,23,908.140000
CUDA,saxpy,75000000,23,188.120000
PolyHok,julia,2500,23,255.000000
PolyHok,nearest_neighbor,40000000,23,825.000000
Numba,nearest_neighbor,80000000,23,1128.420000
CUDA,nearest_neighbor,20000000,23,186.370000
PolyHok,julia,2000,23,186.000000
CUDA,nbodies,15000,23,115.150000
Numba,julia,2500,23,562.700000
Numba,julia,2000,23,448.800000
Numba,nearest_neighbor,100000000,23,1331.120000
CUDA,julia,1500,23,63.310000
CUDA,saxpy,125000000,23,319.730000
CUDA,mm,3000,23,281.690000
PolyHok,nearest_neighbor,20000000,23,572.000000
Numba,nbodies,25000,23,561.700000
Numba,nbodies,15000,23,378.580000
PolyHok,julia,1000,23,95.000000
CUDA,nearest_neighbor,60000000,23,558.170000
Numba,nearest_neighbor,40000000,23,701.640000
CUDA,nbodies,20000,23,306.440000
CUDA,julia,2500,23,175.560000
PolyHok,saxpy,125000000,23,652.000000
PolyHok,mm,3000,23,570.000000
CUDA,saxpy,100000000,23,271.610000
CUDA,saxpy,50000000,23,138.760000
PolyHok,nearest_neighbor,60000000,23,1025.000000
CUDA,mm,4000,23,699.690000
CUDA,nbodies,30000,23,478.400000
Numba,nearest_neighbor,20000000,23,500.000000
Numba,saxpy,125000000,23,615.550000
CUDA,nearest_neighbor,40000000,23,371.170000
Numba,julia,500,23,267.890000
CUDA,nearest_neighbor,80000000,23,745.310000
Numba,saxpy,150000000,23,688.930000
PolyHok,mm,3500,23,885.000000
PolyHok,saxpy,75000000,23,728.000000
PolyHok,nbodies,20000,23,541.000000
PolyHok,julia,1500,23,137.000000
PolyHok,mm,2000,23,463.000000
CUDA,mm,2500,23,182.420000
Numba,julia,1000,24,304.860000
PolyHok,julia,1000,24,94.000000
Numba,julia,500,24,263.320000
PolyHok,nearest_neighbor,60000000,24,1393.000000
CUDA,mm,2000,24,86.650000
PolyHok,mm,2000,24,368.000000
Numba,nbodies,25000,24,563.820000
Numba,nbodies,35000,24,752.930000
PolyHok,saxpy,75000000,24,492.000000
Numba,saxpy,50000000,24,358.300000
PolyHok,saxpy,125000000,24,639.000000
PolyHok,mm,3000,24,573.000000
PolyHok,nearest_neighbor,20000000,24,563.000000
CUDA,julia,2000,24,113.230000
CUDA,saxpy,75000000,24,195.650000
CUDA,mm,2500,24,181.560000
CUDA,nearest_neighbor,20000000,24,186.320000
Numba,nearest_neighbor,60000000,24,911.730000
Numba,saxpy,75000000,24,432.750000
PolyHok,saxpy,100000000,24,591.000000
PolyHok,julia,500,24,72.000000
Numba,saxpy,150000000,24,714.940000
Numba,saxpy,125000000,24,578.930000
CUDA,saxpy,50000000,24,125.880000
CUDA,mm,3500,24,491.360000
Numba,saxpy,100000000,24,501.870000
PolyHok,mm,4000,24,1009.000000
CUDA,nbodies,25000,24,396.040000
PolyHok,mm,2500,24,464.000000
PolyHok,nbodies,35000,24,1001.000000
PolyHok,nbodies,25000,24,803.000000
CUDA,julia,2500,24,177.680000
PolyHok,mm,3500,24,842.000000
CUDA,saxpy,150000000,24,413.700000
Numba,nearest_neighbor,40000000,24,864.590000
Numba,julia,2000,24,454.810000
Numba,nearest_neighbor,80000000,24,1138.360000
Numba,julia,1500,24,364.310000
Numba,nbodies,20000,24,508.960000
CUDA,nbodies,15000,24,115.120000
CUDA,nearest_neighbor,80000000,24,755.810000
PolyHok,julia,2500,24,512.000000
PolyHok,saxpy,50000000,24,1420.000000
PolyHok,nearest_neighbor,80000000,24,1285.000000
PolyHok,nearest_neighbor,100000000,24,1428.000000
CUDA,mm,4000,24,694.780000
PolyHok,saxpy,150000000,24,706.000000
CUDA,saxpy,125000000,24,318.040000
PolyHok,julia,2000,24,183.000000
PolyHok,nearest_neighbor,40000000,24,820.000000
CUDA,nearest_neighbor,60000000,24,557.360000
CUDA,nbodies,30000,24,478.210000
PolyHok,nbodies,30000,24,900.000000
CUDA,julia,1500,24,63.560000
CUDA,saxpy,100000000,24,251.470000
Numba,nbodies,30000,24,620.490000
PolyHok,nbodies,20000,24,548.000000
PolyHok,nbodies,15000,24,442.000000
CUDA,julia,1000,24,28.480000
Numba,julia,2500,24,565.270000
CUDA,julia,500,24,7.210000
CUDA,mm,3000,24,281.750000
Numba,nearest_neighbor,100000000,24,1344.850000
PolyHok,julia,1500,24,134.000000
Numba,nearest_neighbor,20000000,24,506.320000
Numba,nbodies,15000,24,379.990000
CUDA,nearest_neighbor,100000000,24,931.290000
CUDA,nearest_neighbor,40000000,24,372.240000
CUDA,nbodies,20000,24,315.310000
CUDA,nbodies,35000,24,688.080000
Numba,saxpy,75000000,25,442.830000
CUDA,nearest_neighbor,80000000,25,745.630000
CUDA,nbodies,15000,25,115.300000
CUDA,nearest_neighbor,20000000,25,186.920000
PolyHok,mm,2000,25,453.000000
CUDA,nbodies,25000,25,395.630000
PolyHok,nearest_neighbor,40000000,25,1104.000000
PolyHok,nbodies,30000,25,863.000000
PolyHok,mm,3500,25,786.000000
CUDA,julia,2500,25,178.740000
CUDA,mm,2000,25,89.720000
PolyHok,mm,3000,25,621.000000
Numba,julia,2500,25,573.490000
PolyHok,saxpy,150000000,25,816.000000
Numba,saxpy,150000000,25,688.930000
Numba,saxpy,100000000,25,512.310000
PolyHok,saxpy,50000000,25,418.000000
CUDA,julia,1000,25,28.270000
PolyHok,nearest_neighbor,80000000,25,1279.000000
Numba,nbodies,25000,25,563.430000
PolyHok,saxpy,75000000,25,475.000000
CUDA,julia,2000,25,112.590000
PolyHok,julia,1500,25,136.000000
Numba,nearest_neighbor,40000000,25,711.780000
PolyHok,nbodies,35000,25,1003.000000
Numba,nbodies,15000,25,385.090000
CUDA,julia,1500,25,63.480000
CUDA,saxpy,125000000,25,324.180000
Numba,nearest_neighbor,60000000,25,917.020000
PolyHok,mm,2500,25,482.000000
PolyHok,julia,1000,25,95.000000
Numba,nbodies,35000,25,766.770000
Numba,nearest_neighbor,80000000,25,1130.080000
CUDA,nearest_neighbor,60000000,25,558.590000
PolyHok,mm,4000,25,1055.000000
Numba,julia,1000,25,319.290000
Numba,julia,500,25,270.710000
CUDA,mm,2500,25,182.590000
PolyHok,julia,2500,25,256.000000
CUDA,nbodies,35000,25,715.300000
CUDA,mm,3500,25,492.680000
Numba,saxpy,125000000,25,623.490000
CUDA,nearest_neighbor,40000000,25,387.300000
Numba,julia,1500,25,363.120000
PolyHok,julia,2000,25,182.000000
CUDA,saxpy,50000000,25,128.970000
PolyHok,saxpy,125000000,25,632.000000
CUDA,nbodies,30000,25,478.490000
PolyHok,nearest_neighbor,100000000,25,1549.000000
Numba,saxpy,50000000,25,352.620000
CUDA,mm,4000,25,699.430000
CUDA,nbodies,20000,25,299.970000
CUDA,julia,500,25,7.220000
PolyHok,saxpy,100000000,25,688.000000
CUDA,saxpy,100000000,25,261.710000
PolyHok,julia,500,25,71.000000
PolyHok,nbodies,25000,25,800.000000
Numba,nearest_neighbor,20000000,25,489.070000
CUDA,mm,3000,25,282.210000
CUDA,nearest_neighbor,100000000,25,931.360000
CUDA,saxpy,150000000,25,376.120000
Numba,nbodies,20000,25,504.370000
Numba,nearest_neighbor,100000000,25,1346.300000
PolyHok,nbodies,20000,25,630.000000
CUDA,saxpy,75000000,25,189.580000
PolyHok,nearest_neighbor,60000000,25,1010.000000
PolyHok,nearest_neighbor,20000000,25,566.000000
Numba,nbodies,30000,25,616.670000
PolyHok,nbodies,15000,25,451.000000
Numba,julia,2000,25,449.440000
CUDA,nearest_neighbor,80000000,26,756.670000
PolyHok,julia,2500,26,253.000000
CUDA,nbodies,25000,26,395.480000
CUDA,mm,4000,26,697.160000
CUDA,saxpy,150000000,26,381.890000
Numba,julia,2500,26,561.510000
CUDA,mm,3000,26,281.240000
Numba,nearest_neighbor,80000000,26,1122.380000
PolyHok,julia,1000,26,95.000000
PolyHok,nearest_neighbor,40000000,26,796.000000
PolyHok,mm,2000,26,389.000000
PolyHok,mm,2500,26,492.000000
PolyHok,nbodies,25000,26,804.000000
PolyHok,saxpy,75000000,26,1300.000000
CUDA,julia,2000,26,114.450000
PolyHok,nbodies,30000,26,898.000000
CUDA,nearest_neighbor,100000000,26,948.560000
Numba,nearest_neighbor,100000000,26,1328.140000
CUDA,julia,2500,26,175.760000
Numba,nbodies,35000,26,767.970000
Numba,nbodies,20000,26,515.740000
Numba,saxpy,100000000,26,503.650000
PolyHok,saxpy,100000000,26,653.000000
PolyHok,mm,4000,26,1040.000000
PolyHok,nbodies,20000,26,642.000000
Numba,julia,2000,26,462.150000
Numba,saxpy,125000000,26,632.920000
PolyHok,mm,3500,26,789.000000
PolyHok,saxpy,50000000,26,415.000000
Numba,nearest_neighbor,60000000,26,918.100000
CUDA,saxpy,125000000,26,316.600000
CUDA,nbodies,35000,26,715.270000
CUDA,saxpy,50000000,26,126.130000
PolyHok,mm,3000,26,609.000000
CUDA,saxpy,75000000,26,201.340000
PolyHok,saxpy,125000000,26,608.000000
CUDA,nearest_neighbor,20000000,26,197.050000
PolyHok,nearest_neighbor,20000000,26,917.000000
PolyHok,nearest_neighbor,80000000,26,1250.000000
Numba,julia,1500,26,368.260000
CUDA,mm,2500,26,180.320000
CUDA,mm,3500,26,492.130000
Numba,nearest_neighbor,40000000,26,701.170000
Numba,saxpy,75000000,26,432.630000
CUDA,julia,500,26,7.210000
PolyHok,nearest_neighbor,60000000,26,1054.000000
PolyHok,julia,1500,26,132.000000
CUDA,julia,1500,26,63.400000
CUDA,saxpy,100000000,26,252.870000
CUDA,nbodies,20000,26,306.680000
PolyHok,julia,2000,26,181.000000
PolyHok,nearest_neighbor,100000000,26,1470.000000
Numba,julia,500,26,261.740000
Numba,julia,1000,26,297.600000
PolyHok,julia,500,26,71.000000
Numba,saxpy,50000000,26,351.250000
CUDA,nearest_neighbor,40000000,26,371.680000
Numba,nearest_neighbor,20000000,26,591.910000
Numba,nbodies,25000,26,562.930000
CUDA,julia,1000,26,28.330000
Numba,nbodies,15000,26,379.520000
Numba,nbodies,30000,26,1010.890000
CUDA,nbodies,15000,26,115.130000
CUDA,mm,2000,26,86.990000
PolyHok,nbodies,15000,26,414.000000
PolyHok,saxpy,150000000,26,832.000000
PolyHok,nbodies,35000,26,999.000000
Numba,saxpy,150000000,26,651.220000
CUDA,nearest_neighbor,60000000,26,557.970000
CUDA,nbodies,30000,26,478.330000
CUDA,julia,2500,27,177.710000
Numba,nearest_neighbor,20000000,27,489.550000
Numba,julia,1500,27,378.810000
Numba,nbodies,20000,27,500.510000
CUDA,saxpy,75000000,27,188.730000
PolyHok,julia,2000,27,186.000000
PolyHok,mm,4000,27,1014.000000
CUDA,nearest_neighbor,20000000,27,261.530000
PolyHok,mm,3500,27,806.000000
PolyHok,saxpy,100000000,27,778.000000
CUDA,julia,500,27,7.320000
CUDA,julia,2000,27,114.970000
Numba,nbodies,15000,27,475.860000
Numba,nbodies,30000,27,1086.120000
CUDA,nbodies,30000,27,478.370000
PolyHok,nbodies,25000,27,874.000000
Numba,saxpy,125000000,27,615.310000
PolyHok,saxpy,125000000,27,1302.000000
CUDA,saxpy,100000000,27,256.480000
PolyHok,mm,2000,27,442.000000
CUDA,julia,1000,27,28.530000
PolyHok,nearest_neighbor,80000000,27,1466.000000
Numba,nearest_neighbor,40000000,27,710.860000
PolyHok,nbodies,30000,27,899.000000
Numba,nearest_neighbor,100000000,27,1752.910000
PolyHok,nbodies,20000,27,540.000000
PolyHok,julia,2500,27,259.000000
Numba,saxpy,75000000,27,429.460000
CUDA,mm,3000,27,281.590000
CUDA,nearest_neighbor,80000000,27,746.720000
PolyHok,nearest_neighbor,20000000,27,580.000000
PolyHok,mm,3000,27,566.000000
Numba,nearest_neighbor,80000000,27,2595.770000
CUDA,nbodies,15000,27,115.250000
Numba,saxpy,50000000,27,361.310000
CUDA,saxpy,50000000,27,126.360000
PolyHok,nearest_neighbor,100000000,27,1591.000000
Numba,julia,500,27,262.320000
PolyHok,julia,1500,27,137.000000
Numba,nbodies,25000,27,577.080000
Numba,saxpy,100000000,27,502.350000
CUDA,mm,2000,27,86.660000
PolyHok,nearest_neighbor,40000000,27,809.000000
CUDA,nearest_neighbor,100000000,27,933.140000
PolyHok,nbodies,35000,27,974.000000
Numba,nearest_neighbor,60000000,27,909.390000
Numba,julia,2000,27,447.660000
PolyHok,saxpy,150000000,27,737.000000
CUDA,mm,3500,27,492.250000
Numba,julia,1000,27,299.170000
CUDA,nearest_neighbor,60000000,27,559.200000
PolyHok,julia,500,27,75.000000
PolyHok,saxpy,50000000,27,422.000000
CUDA,nbodies,35000,27,687.530000
CUDA,nearest_neighbor,40000000,27,372.530000
CUDA,nbodies,20000,27,298.780000
CUDA,mm,4000,27,698.990000
CUDA,saxpy,125000000,27,316.610000
CUDA,mm,2500,27,182.310000
CUDA,nbodies,25000,27,395.650000
PolyHok,julia,1000,27,96.000000
PolyHok,nearest_neighbor,60000000,27,1035.000000
Numba,saxpy,150000000,27,655.340000
CUDA,saxpy,150000000,27,385.970000
CUDA,julia,1500,27,63.460000
Numba,julia,2500,27,559.700000
Numba,nbodies,35000,27,750.210000
PolyHok,saxpy,75000000,27,511.000000
PolyHok,mm,2500,27,481.000000
PolyHok,nbodies,15000,27,510.000000
CUDA,nbodies,35000,28,701.670000
CUDA,julia,1500,28,64.910000
CUDA,nbodies,15000,28,115.260000
PolyHok,nbodies,35000,28,1005.000000
PolyHok,saxpy,100000000,28,582.000000
CUDA,saxpy,50000000,28,152.170000
CUDA,nearest_neighbor,40000000,28,383.520000
Numba,nearest_neighbor,100000000,28,1396.010000
CUDA,mm,3000,28,281.700000
PolyHok,nbodies,20000,28,543.000000
CUDA,julia,2500,28,176.660000
PolyHok,mm,2500,28,427.000000
PolyHok,saxpy,75000000,28,499.000000
CUDA,mm,2500,28,180.480000
PolyHok,nearest_neighbor,40000000,28,789.000000
CUDA,nearest_neighbor,20000000,28,190.040000
PolyHok,nbodies,30000,28,874.000000
PolyHok,julia,1500,28,133.000000
Numba,nearest_neighbor,40000000,28,702.550000
Numba,julia,2000,28,446.870000
CUDA,saxpy,75000000,28,202.000000
Numba,nearest_neighbor,80000000,28,1121.110000
PolyHok,mm,4000,28,1016.000000
CUDA,julia,1000,28,29.170000
PolyHok,nbodies,15000,28,447.000000
CUDA,mm,2000,28,88.380000
CUDA,julia,500,28,7.440000
PolyHok,nbodies,25000,28,809.000000
PolyHok,mm,2000,28,389.000000
CUDA,nearest_neighbor,100000000,28,976.080000
Numba,saxpy,100000000,28,514.630000
PolyHok,julia,2500,28,251.000000
Numba,saxpy,50000000,28,348.610000
CUDA,nbodies,20000,28,298.820000
Numba,saxpy,150000000,28,731.470000
PolyHok,nearest_neighbor,100000000,28,1656.000000
PolyHok,saxpy,50000000,28,421.000000
CUDA,nearest_neighbor,60000000,28,566.530000
CUDA,nbodies,30000,28,478.290000
Numba,nearest_neighbor,20000000,28,784.590000
CUDA,nearest_neighbor,80000000,28,760.890000
Numba,nbodies,35000,28,751.080000
CUDA,mm,4000,28,696.000000
Numba,nearest_neighbor,60000000,28,911.070000
Numba,julia,1500,28,360.970000
CUDA,saxpy,150000000,28,375.370000
Numba,saxpy,75000000,28,424.760000
PolyHok,nearest_neighbor,20000000,28,693.000000
PolyHok,mm,3000,28,570.000000
CUDA,saxpy,100000000,28,277.320000
PolyHok,julia,500,28,81.000000
Numba,julia,500,28,373.530000
PolyHok,saxpy,125000000,28,1122.000000
Numba,nbodies,25000,28,567.990000
Numba,nbodies,15000,28,383.100000
PolyHok,julia,2000,28,187.000000
CUDA,saxpy,125000000,28,358.030000
CUDA,julia,2000,28,112.730000
PolyHok,nearest_neighbor,80000000,28,1278.000000
PolyHok,saxpy,150000000,28,711.000000
Numba,saxpy,125000000,28,575.820000
CUDA,nbodies,25000,28,395.070000
Numba,nbodies,30000,28,613.240000
Numba,nbodies,20000,28,502.860000
PolyHok,julia,1000,28,97.000000
PolyHok,nearest_neighbor,60000000,28,1026.000000
PolyHok,mm,3500,28,826.000000
CUDA,mm,3500,28,496.060000
Numba,julia,2500,28,566.460000
Numba,julia,1000,28,301.640000
PolyHok,nearest_neighbor,60000000,29,1034.000000
PolyHok,mm,2000,29,366.000000
PolyHok,saxpy,50000000,29,415.000000
CUDA,nearest_neighbor,20000000,29,223.790000
CUDA,julia,500,29,7.220000
PolyHok,nearest_neighbor,100000000,29,1623.000000
Numba,nbodies,25000,29,562.190000
Numba,saxpy,150000000,29,658.370000
PolyHok,saxpy,100000000,29,563.000000
CUDA,saxpy,150000000,29,389.860000
Numba,julia,2500,29,564.360000
CUDA,nbodies,15000,29,115.110000
Numba,julia,500,29,260.060000
PolyHok,mm,3000,29,567.000000
CUDA,saxpy,100000000,29,281.980000
Numba,julia,1500,29,360.740000
Numba,nearest_neighbor,40000000,29,711.080000
Numba,nbodies,15000,29,494.030000
CUDA,saxpy,75000000,29,187.760000
PolyHok,julia,2000,29,185.000000
CUDA,nbodies,25000,29,395.210000
PolyHok,nbodies,35000,29,1140.000000
PolyHok,nbodies,25000,29,803.000000
CUDA,nearest_neighbor,100000000,29,932.520000
Numba,nearest_neighbor,80000000,29,1149.330000
Numba,nearest_neighbor,100000000,29,1334.070000
CUDA,nearest_neighbor,40000000,29,371.490000
PolyHok,julia,500,29,157.000000
Numba,saxpy,50000000,29,350.770000
CUDA,julia,2500,29,176.040000
CUDA,nbodies,20000,29,306.570000
PolyHok,nbodies,15000,29,448.000000
CUDA,julia,2000,29,112.450000
PolyHok,julia,1000,29,95.000000
CUDA,nbodies,30000,29,478.250000
Numba,nearest_neighbor,60000000,29,908.620000
Numba,julia,2000,29,455.920000
CUDA,julia,1000,29,28.360000
CUDA,nearest_neighbor,60000000,29,558.420000
CUDA,mm,4000,29,695.180000
Numba,nearest_neighbor,20000000,29,506.060000
CUDA,julia,1500,29,63.300000
PolyHok,mm,4000,29,1034.000000
CUDA,saxpy,125000000,29,487.980000
CUDA,saxpy,50000000,29,131.970000
CUDA,mm,2500,29,182.710000
Numba,nbodies,30000,29,1133.320000
CUDA,mm,3000,29,282.830000
Numba,saxpy,75000000,29,442.240000
PolyHok,nearest_neighbor,80000000,29,3241.000000
CUDA,mm,3500,29,491.370000
PolyHok,julia,1500,29,130.000000
PolyHok,saxpy,125000000,29,637.000000
PolyHok,saxpy,150000000,29,716.000000
CUDA,nbodies,35000,29,763.980000
Numba,nbodies,35000,29,759.560000
Numba,saxpy,100000000,29,501.840000
PolyHok,saxpy,75000000,29,496.000000
PolyHok,nbodies,20000,29,535.000000
PolyHok,nbodies,30000,29,905.000000
Numba,saxpy,125000000,29,577.120000
PolyHok,mm,3500,29,826.000000
CUDA,nearest_neighbor,80000000,29,1065.930000
Numba,nbodies,20000,29,507.110000
PolyHok,julia,2500,29,259.000000
PolyHok,nearest_neighbor,20000000,29,566.000000
PolyHok,mm,2500,29,475.000000
Numba,julia,1000,29,402.310000
PolyHok,nearest_neighbor,40000000,29,824.000000
CUDA,mm,2000,29,88.390000
Numba,mm,4000,0,2078.840000
Numba,mm,3000,0,1007.650000
Numba,mm,2500,0,706.040000
Numba,mm,2000,0,470.770000
Numba,mm,3500,0,1435.050000
Numba,mm,2000,1,477.960000
Numba,mm,4000,1,2013.570000
Numba,mm,3500,1,1433.540000
Numba,mm,3000,1,996.060000
Numba,mm,2500,1,687.410000
Numba,mm,3500,2,1442.660000
Numba,mm,4000,2,2011.080000
Numba,mm,2000,2,470.890000
Numba,mm,3000,2,1003.560000
Numba,mm,2500,2,685.700000
Numba,mm,3500,3,1445.170000
Numba,mm,2000,3,472.640000
Numba,mm,4000,3,2009.120000
Numba,mm,2500,3,687.370000
Numba,mm,3000,3,997.460000
Numba,mm,3500,4,1450.400000
Numba,mm,2500,4,688.970000
Numba,mm,4000,4,2012.720000
Numba,mm,2000,4,475.680000
Numba,mm,3000,4,1005.110000
Numba,mm,3500,5,1464.840000
Numba,mm,3000,5,1000.660000
Numba,mm,2000,5,474.560000
Numba,mm,2500,5,684.700000
Numba,mm,4000,5,2019.150000
Numba,mm,4000,6,2030.170000
Numba,mm,3000,6,1014.740000
Numba,mm,3500,6,1445.860000
Numba,mm,2500,6,695.820000
Numba,mm,2000,6,471.430000
Numba,mm,3000,7,1015.460000
Numba,mm,4000,7,2026.130000
Numba,mm,2500,7,691.740000
Numba,mm,3500,7,1449.930000
Numba,mm,2000,7,479.800000
Numba,mm,2500,8,711.680000
Numba,mm,3000,8,1046.440000
Numba,mm,2000,8,517.440000
Numba,mm,3500,8,1449.110000
Numba,mm,4000,8,2030.550000
Numba,mm,3000,9,1021.270000
Numba,mm,2000,9,484.910000
Numba,mm,3500,9,1466.270000
Numba,mm,4000,9,2034.240000
Numba,mm,2500,9,690.380000
Numba,mm,2500,10,688.440000
Numba,mm,4000,10,2032.800000
Numba,mm,3000,10,1008.030000
Numba,mm,2000,10,472.530000
Numba,mm,3500,10,1449.080000
Numba,mm,2000,11,477.690000
Numba,mm,4000,11,2027.690000
Numba,mm,3000,11,1007.760000
Numba,mm,2500,11,687.870000
Numba,mm,3500,11,1450.800000
Numba,mm,3000,12,1013.300000
Numba,mm,3500,12,1453.510000
Numba,mm,4000,12,2031.460000
Numba,mm,2500,12,692.690000
Numba,mm,2000,12,473.360000
Numba,mm,2000,13,470.390000
Numba,mm,3000,13,1004.650000
Numba,mm,3500,13,1454.090000
Numba,mm,4000,13,2034.890000
Numba,mm,2500,13,688.560000
Numba,mm,3500,14,1453.990000
Numba,mm,3000,14,1013.080000
Numba,mm,2000,14,473.610000
Numba,mm,2500,14,692.530000
Numba,mm,4000,14,2036.760000
Numba,mm,2500,15,691.530000
Numba,mm,4000,15,2035.790000
Numba,mm,3500,15,1458.810000
Numba,mm,2000,15,478.000000
Numba,mm,3000,15,1011.580000
Numba,mm,3500,16,1461.040000
Numba,mm,2500,16,690.350000
Numba,mm,2000,16,479.100000
Numba,mm,4000,16,2028.380000
Numba,mm,3000,16,1011.270000
Numba,mm,2500,17,689.880000
Numba,mm,4000,17,2029.460000
Numba,mm,3500,17,1459.310000
Numba,mm,2000,17,477.240000
Numba,mm,3000,17,1005.910000
Numba,mm,3000,18,1007.070000
Numba,mm,4000,18,2031.220000
Numba,mm,2500,18,691.590000
Numba,mm,2000,18,473.990000
Numba,mm,3500,18,1457.050000
Numba,mm,2500,19,692.700000
Numba,mm,3500,19,1458.790000
Numba,mm,4000,19,2034.610000
Numba,mm,3000,19,1006.590000
Numba,mm,2000,19,480.910000
Numba,mm,3000,20,1006.400000
Numba,mm,2500,20,690.550000
Numba,mm,4000,20,2033.520000
Numba,mm,2000,20,471.710000
Numba,mm,3500,20,1458.460000
Numba,mm,2500,21,691.170000
Numba,mm,2000,21,478.060000
Numba,mm,4000,21,2037.950000
Numba,mm,3500,21,1457.870000
Numba,mm,3000,21,1007.700000
Numba,mm,2500,22,689.450000
Numba,mm,3500,22,1464.740000
Numba,mm,4000,22,2041.110000
Numba,mm,2000,22,474.920000
Numba,mm,3000,22,1006.160000
Numba,mm,3000,23,1008.670000
Numba,mm,2500,23,698.420000
Numba,mm,4000,23,2040.840000
Numba,mm,3500,23,1460.260000
Numba,mm,2000,23,472.660000
Numba,mm,3500,24,1459.990000
Numba,mm,3000,24,1011.400000
Numba,mm,2000,24,475.770000
Numba,mm,4000,24,2035.860000
Numba,mm,2500,24,693.210000
Numba,mm,3500,25,1459.660000
Numba,mm,2000,25,490.210000
Numba,mm,4000,25,2040.210000
Numba,mm,2500,25,689.790000
Numba,mm,3000,25,1013.000000
Numba,mm,2500,26,694.900000
Numba,mm,3000,26,1010.010000
Numba,mm,3500,26,1459.340000
Numba,mm,2000,26,476.090000
Numba,mm,4000,26,2040.620000
Numba,mm,4000,27,2040.810000
Numba,mm,2000,27,477.930000
Numba,mm,3000,27,1010.050000
Numba,mm,2500,27,686.100000
Numba,mm,3500,27,1459.430000
Numba,mm,4000,28,2048.170000
Numba,mm,2500,28,689.860000
Numba,mm,2000,28,473.430000
Numba,mm,3500,28,1455.400000
Numba,mm,3000,28,1012.110000
Numba,mm,4000,29,2045.760000
Numba,mm,3000,29,1016.450000
Numba,mm,2000,29,475.530000
Numba,mm,2500,29,689.450000
Numba,mm,3500,29,1466.210000
